2026-05-08 14:41:08 - __main__ - INFO - Starting server on 0.0.0.0:8000
2026-05-08 14:41:09 - main - INFO - Starting AI Video Generator API...
2026-05-08 14:51:51 - main - INFO - Shutting down AI Video Generator API...
2026-05-08 15:30:24 - main - INFO - Starting AI Video Generator API...
2026-05-08 15:30:24 - database.database - WARNING - DATABASE_URL not configured, using SQLite
2026-05-08 15:30:24 - main - ERROR - Failed to initialize database: No module named 'aiosqlite'
2026-05-08 15:30:32 - main - INFO - Starting AI Video Generator API...
2026-05-08 15:30:32 - database.database - WARNING - DATABASE_URL not configured, using SQLite
2026-05-08 15:30:32 - main - ERROR - Failed to initialize database: No module named 'aiosqlite'
2026-05-08 15:31:03 - main - INFO - Starting AI Video Generator API...
2026-05-08 15:31:03 - database.database - WARNING - DATABASE_URL not configured, using SQLite
2026-05-08 15:31:03 - sqlalchemy.engine.Engine - INFO - BEGIN (implicit)
2026-05-08 15:31:03 - sqlalchemy.engine.Engine - INFO - PRAGMA main.table_info("users")
2026-05-08 15:31:03 - sqlalchemy.engine.Engine - INFO - [raw sql] ()
2026-05-08 15:31:03 - sqlalchemy.engine.Engine - INFO - PRAGMA temp.table_info("users")
2026-05-08 15:31:03 - sqlalchemy.engine.Engine - INFO - [raw sql] ()
2026-05-08 15:31:03 - sqlalchemy.engine.Engine - INFO - PRAGMA main.table_info("projects")
2026-05-08 15:31:03 - sqlalchemy.engine.Engine - INFO - [raw sql] ()
2026-05-08 15:31:03 - sqlalchemy.engine.Engine - INFO - PRAGMA temp.table_info("projects")
2026-05-08 15:31:03 - sqlalchemy.engine.Engine - INFO - [raw sql] ()
2026-05-08 15:31:03 - sqlalchemy.engine.Engine - INFO - PRAGMA main.table_info("scenes")
2026-05-08 15:31:03 - sqlalchemy.engine.Engine - INFO - [raw sql] ()
2026-05-08 15:31:03 - sqlalchemy.engine.Engine - INFO - PRAGMA temp.table_info("scenes")
2026-05-08 15:31:03 - sqlalchemy.engine.Engine - INFO - [raw sql] ()
2026-05-08 15:31:03 - sqlalchemy.engine.Engine - INFO - PRAGMA main.table_info("generated_assets")
2026-05-08 15:31:03 - sqlalchemy.engine.Engine - INFO - [raw sql] ()
2026-05-08 15:31:03 - sqlalchemy.engine.Engine - INFO - PRAGMA temp.table_info("generated_assets")
2026-05-08 15:31:03 - sqlalchemy.engine.Engine - INFO - [raw sql] ()
2026-05-08 15:31:03 - sqlalchemy.engine.Engine - INFO - 
CREATE TABLE users (
	id INTEGER NOT NULL, 
	email VARCHAR(255) NOT NULL, 
	username VARCHAR(100) NOT NULL, 
	password_hash VARCHAR(255) NOT NULL, 
	first_name VARCHAR(100), 
	last_name VARCHAR(100), 
	is_active BOOLEAN NOT NULL, 
	is_verified BOOLEAN NOT NULL, 
	last_login DATETIME, 
	created_at DATETIME DEFAULT (CURRENT_TIMESTAMP) NOT NULL, 
	updated_at DATETIME DEFAULT (CURRENT_TIMESTAMP) NOT NULL, 
	PRIMARY KEY (id)
)


2026-05-08 15:31:03 - sqlalchemy.engine.Engine - INFO - [no key 0.00996s] ()
2026-05-08 15:31:03 - sqlalchemy.engine.Engine - INFO - CREATE UNIQUE INDEX ix_users_username ON users (username)
2026-05-08 15:31:03 - sqlalchemy.engine.Engine - INFO - [no key 0.00279s] ()
2026-05-08 15:31:03 - sqlalchemy.engine.Engine - INFO - CREATE INDEX ix_users_id ON users (id)
2026-05-08 15:31:03 - sqlalchemy.engine.Engine - INFO - [no key 0.00339s] ()
2026-05-08 15:31:03 - sqlalchemy.engine.Engine - INFO - CREATE UNIQUE INDEX ix_users_email ON users (email)
2026-05-08 15:31:03 - sqlalchemy.engine.Engine - INFO - [no key 0.00255s] ()
2026-05-08 15:31:03 - sqlalchemy.engine.Engine - INFO - 
CREATE TABLE projects (
	id INTEGER NOT NULL, 
	user_id INTEGER NOT NULL, 
	title VARCHAR(255) NOT NULL, 
	description TEXT, 
	topic VARCHAR(500), 
	status VARCHAR(50) NOT NULL, 
	total_duration FLOAT, 
	total_scenes INTEGER, 
	settings JSON, 
	created_at DATETIME DEFAULT (CURRENT_TIMESTAMP) NOT NULL, 
	updated_at DATETIME DEFAULT (CURRENT_TIMESTAMP) NOT NULL, 
	PRIMARY KEY (id), 
	FOREIGN KEY(user_id) REFERENCES users (id)
)


2026-05-08 15:31:03 - sqlalchemy.engine.Engine - INFO - [no key 0.00652s] ()
2026-05-08 15:31:03 - sqlalchemy.engine.Engine - INFO - CREATE INDEX ix_projects_id ON projects (id)
2026-05-08 15:31:03 - sqlalchemy.engine.Engine - INFO - [no key 0.00321s] ()
2026-05-08 15:31:03 - sqlalchemy.engine.Engine - INFO - 
CREATE TABLE scenes (
	id INTEGER NOT NULL, 
	project_id INTEGER NOT NULL, 
	scene_number INTEGER NOT NULL, 
	narration TEXT NOT NULL, 
	visual_prompt TEXT NOT NULL, 
	duration FLOAT NOT NULL, 
	camera_movement VARCHAR(100), 
	mood VARCHAR(100), 
	created_at DATETIME DEFAULT (CURRENT_TIMESTAMP) NOT NULL, 
	updated_at DATETIME DEFAULT (CURRENT_TIMESTAMP) NOT NULL, 
	PRIMARY KEY (id), 
	FOREIGN KEY(project_id) REFERENCES projects (id)
)


2026-05-08 15:31:03 - sqlalchemy.engine.Engine - INFO - [no key 0.00619s] ()
2026-05-08 15:31:03 - sqlalchemy.engine.Engine - INFO - CREATE INDEX ix_scenes_id ON scenes (id)
2026-05-08 15:31:03 - sqlalchemy.engine.Engine - INFO - [no key 0.00367s] ()
2026-05-08 15:31:03 - sqlalchemy.engine.Engine - INFO - 
CREATE TABLE generated_assets (
	id INTEGER NOT NULL, 
	project_id INTEGER NOT NULL, 
	scene_id INTEGER, 
	asset_type VARCHAR(50) NOT NULL, 
	file_path VARCHAR(500) NOT NULL, 
	file_url VARCHAR(500), 
	file_size INTEGER, 
	asset_metadata JSON, 
	status VARCHAR(50) NOT NULL, 
	error_message TEXT, 
	created_at DATETIME DEFAULT (CURRENT_TIMESTAMP) NOT NULL, 
	updated_at DATETIME DEFAULT (CURRENT_TIMESTAMP) NOT NULL, 
	PRIMARY KEY (id), 
	FOREIGN KEY(project_id) REFERENCES projects (id), 
	FOREIGN KEY(scene_id) REFERENCES scenes (id)
)


2026-05-08 15:31:03 - sqlalchemy.engine.Engine - INFO - [no key 0.00765s] ()
2026-05-08 15:31:03 - sqlalchemy.engine.Engine - INFO - CREATE INDEX ix_generated_assets_id ON generated_assets (id)
2026-05-08 15:31:03 - sqlalchemy.engine.Engine - INFO - [no key 0.00323s] ()
2026-05-08 15:31:03 - sqlalchemy.engine.Engine - INFO - COMMIT
2026-05-08 15:31:03 - database.database - INFO - Database initialized successfully
2026-05-08 15:31:03 - main - INFO - Database initialized successfully
2026-05-08 15:31:03 - main - INFO - Shutting down AI Video Generator API...
2026-05-08 15:31:03 - database.database - INFO - Database connections closed
2026-05-08 15:31:03 - main - INFO - Database connections closed
2026-05-08 15:31:16 - main - INFO - Starting AI Video Generator API...
2026-05-08 15:31:16 - database.database - WARNING - DATABASE_URL not configured, using SQLite
2026-05-08 15:31:16 - sqlalchemy.engine.Engine - INFO - BEGIN (implicit)
2026-05-08 15:31:16 - sqlalchemy.engine.Engine - INFO - PRAGMA main.table_info("users")
2026-05-08 15:31:16 - sqlalchemy.engine.Engine - INFO - [raw sql] ()
2026-05-08 15:31:16 - sqlalchemy.engine.Engine - INFO - PRAGMA main.table_info("projects")
2026-05-08 15:31:16 - sqlalchemy.engine.Engine - INFO - [raw sql] ()
2026-05-08 15:31:16 - sqlalchemy.engine.Engine - INFO - PRAGMA main.table_info("scenes")
2026-05-08 15:31:16 - sqlalchemy.engine.Engine - INFO - [raw sql] ()
2026-05-08 15:31:16 - sqlalchemy.engine.Engine - INFO - PRAGMA main.table_info("generated_assets")
2026-05-08 15:31:16 - sqlalchemy.engine.Engine - INFO - [raw sql] ()
2026-05-08 15:31:16 - sqlalchemy.engine.Engine - INFO - COMMIT
2026-05-08 15:31:16 - database.database - INFO - Database initialized successfully
2026-05-08 15:31:16 - main - INFO - Database initialized successfully
2026-05-08 16:36:58 - main - INFO - Starting AI Video Generator API...
2026-05-08 16:36:58 - database.database - WARNING - DATABASE_URL not configured, using SQLite
2026-05-08 16:36:58 - sqlalchemy.engine.Engine - INFO - BEGIN (implicit)
2026-05-08 16:36:58 - sqlalchemy.engine.Engine - INFO - PRAGMA main.table_info("users")
2026-05-08 16:36:58 - sqlalchemy.engine.Engine - INFO - [raw sql] ()
2026-05-08 16:36:58 - sqlalchemy.engine.Engine - INFO - PRAGMA main.table_info("projects")
2026-05-08 16:36:58 - sqlalchemy.engine.Engine - INFO - [raw sql] ()
2026-05-08 16:36:58 - sqlalchemy.engine.Engine - INFO - PRAGMA main.table_info("scenes")
2026-05-08 16:36:58 - sqlalchemy.engine.Engine - INFO - [raw sql] ()
2026-05-08 16:36:58 - sqlalchemy.engine.Engine - INFO - PRAGMA main.table_info("generated_assets")
2026-05-08 16:36:58 - sqlalchemy.engine.Engine - INFO - [raw sql] ()
2026-05-08 16:36:58 - sqlalchemy.engine.Engine - INFO - COMMIT
2026-05-08 16:36:58 - database.database - INFO - Database initialized successfully
2026-05-08 16:36:58 - main - INFO - Database initialized successfully
2026-05-08 16:38:28 - main - INFO - Starting AI Video Generator API...
2026-05-08 16:38:28 - database.database - WARNING - DATABASE_URL not configured, using SQLite
2026-05-08 16:38:28 - sqlalchemy.engine.Engine - INFO - BEGIN (implicit)
2026-05-08 16:38:28 - sqlalchemy.engine.Engine - INFO - PRAGMA main.table_info("users")
2026-05-08 16:38:28 - sqlalchemy.engine.Engine - INFO - [raw sql] ()
2026-05-08 16:38:28 - sqlalchemy.engine.Engine - INFO - PRAGMA main.table_info("projects")
2026-05-08 16:38:28 - sqlalchemy.engine.Engine - INFO - [raw sql] ()
2026-05-08 16:38:28 - sqlalchemy.engine.Engine - INFO - PRAGMA main.table_info("scenes")
2026-05-08 16:38:28 - sqlalchemy.engine.Engine - INFO - [raw sql] ()
2026-05-08 16:38:28 - sqlalchemy.engine.Engine - INFO - PRAGMA main.table_info("generated_assets")
2026-05-08 16:38:28 - sqlalchemy.engine.Engine - INFO - [raw sql] ()
2026-05-08 16:38:28 - sqlalchemy.engine.Engine - INFO - COMMIT
2026-05-08 16:38:28 - database.database - INFO - Database initialized successfully
2026-05-08 16:38:28 - main - INFO - Database initialized successfully
2026-05-08 16:38:28 - main - INFO - Shutting down AI Video Generator API...
2026-05-08 16:38:28 - database.database - INFO - Database connections closed
2026-05-08 16:38:28 - main - INFO - Database connections closed
2026-05-08 16:39:19 - main - INFO - Starting AI Video Generator API...
2026-05-08 16:39:19 - database.database - WARNING - DATABASE_URL not configured, using SQLite
2026-05-08 16:39:19 - sqlalchemy.engine.Engine - INFO - BEGIN (implicit)
2026-05-08 16:39:19 - sqlalchemy.engine.Engine - INFO - PRAGMA main.table_info("users")
2026-05-08 16:39:19 - sqlalchemy.engine.Engine - INFO - [raw sql] ()
2026-05-08 16:39:19 - sqlalchemy.engine.Engine - INFO - PRAGMA main.table_info("projects")
2026-05-08 16:39:19 - sqlalchemy.engine.Engine - INFO - [raw sql] ()
2026-05-08 16:39:19 - sqlalchemy.engine.Engine - INFO - PRAGMA main.table_info("scenes")
2026-05-08 16:39:19 - sqlalchemy.engine.Engine - INFO - [raw sql] ()
2026-05-08 16:39:19 - sqlalchemy.engine.Engine - INFO - PRAGMA main.table_info("generated_assets")
2026-05-08 16:39:19 - sqlalchemy.engine.Engine - INFO - [raw sql] ()
2026-05-08 16:39:19 - sqlalchemy.engine.Engine - INFO - COMMIT
2026-05-08 16:39:19 - database.database - INFO - Database initialized successfully
2026-05-08 16:39:19 - main - INFO - Database initialized successfully
2026-05-08 16:41:57 - main - INFO - Shutting down AI Video Generator API...
2026-05-08 16:41:57 - database.database - INFO - Database connections closed
2026-05-08 16:41:57 - main - INFO - Database connections closed
2026-05-08 16:42:08 - main - INFO - Starting AI Video Generator API...
2026-05-08 16:42:08 - database.database - WARNING - DATABASE_URL not configured, using SQLite
2026-05-08 16:42:08 - sqlalchemy.engine.Engine - INFO - BEGIN (implicit)
2026-05-08 16:42:08 - sqlalchemy.engine.Engine - INFO - PRAGMA main.table_info("users")
2026-05-08 16:42:08 - sqlalchemy.engine.Engine - INFO - [raw sql] ()
2026-05-08 16:42:08 - sqlalchemy.engine.Engine - INFO - PRAGMA main.table_info("projects")
2026-05-08 16:42:08 - sqlalchemy.engine.Engine - INFO - [raw sql] ()
2026-05-08 16:42:08 - sqlalchemy.engine.Engine - INFO - PRAGMA main.table_info("scenes")
2026-05-08 16:42:08 - sqlalchemy.engine.Engine - INFO - [raw sql] ()
2026-05-08 16:42:08 - sqlalchemy.engine.Engine - INFO - PRAGMA main.table_info("generated_assets")
2026-05-08 16:42:08 - sqlalchemy.engine.Engine - INFO - [raw sql] ()
2026-05-08 16:42:08 - sqlalchemy.engine.Engine - INFO - COMMIT
2026-05-08 16:42:08 - database.database - INFO - Database initialized successfully
2026-05-08 16:42:08 - main - INFO - Database initialized successfully
2026-05-08 16:42:09 - main - INFO - Shutting down AI Video Generator API...
2026-05-08 16:42:09 - database.database - INFO - Database connections closed
2026-05-08 16:42:09 - main - INFO - Database connections closed
2026-05-08 16:42:13 - main - INFO - Starting AI Video Generator API...
2026-05-08 16:42:13 - database.database - WARNING - DATABASE_URL not configured, using SQLite
2026-05-08 16:42:13 - sqlalchemy.engine.Engine - INFO - BEGIN (implicit)
2026-05-08 16:42:13 - sqlalchemy.engine.Engine - INFO - PRAGMA main.table_info("users")
2026-05-08 16:42:13 - sqlalchemy.engine.Engine - INFO - [raw sql] ()
2026-05-08 16:42:13 - sqlalchemy.engine.Engine - INFO - PRAGMA main.table_info("projects")
2026-05-08 16:42:13 - sqlalchemy.engine.Engine - INFO - [raw sql] ()
2026-05-08 16:42:13 - sqlalchemy.engine.Engine - INFO - PRAGMA main.table_info("scenes")
2026-05-08 16:42:13 - sqlalchemy.engine.Engine - INFO - [raw sql] ()
2026-05-08 16:42:13 - sqlalchemy.engine.Engine - INFO - PRAGMA main.table_info("generated_assets")
2026-05-08 16:42:13 - sqlalchemy.engine.Engine - INFO - [raw sql] ()
2026-05-08 16:42:13 - sqlalchemy.engine.Engine - INFO - COMMIT
2026-05-08 16:42:13 - database.database - INFO - Database initialized successfully
2026-05-08 16:42:13 - main - INFO - Database initialized successfully
2026-05-08 17:10:20 - main - INFO - Starting AI Video Generator API...
2026-05-08 17:10:20 - database.database - WARNING - DATABASE_URL not configured, using SQLite
2026-05-08 17:10:20 - sqlalchemy.engine.Engine - INFO - BEGIN (implicit)
2026-05-08 17:10:20 - sqlalchemy.engine.Engine - INFO - PRAGMA main.table_info("users")
2026-05-08 17:10:20 - sqlalchemy.engine.Engine - INFO - [raw sql] ()
2026-05-08 17:10:20 - sqlalchemy.engine.Engine - INFO - PRAGMA main.table_info("projects")
2026-05-08 17:10:20 - sqlalchemy.engine.Engine - INFO - [raw sql] ()
2026-05-08 17:10:20 - sqlalchemy.engine.Engine - INFO - PRAGMA main.table_info("scenes")
2026-05-08 17:10:20 - sqlalchemy.engine.Engine - INFO - [raw sql] ()
2026-05-08 17:10:20 - sqlalchemy.engine.Engine - INFO - PRAGMA main.table_info("generated_assets")
2026-05-08 17:10:20 - sqlalchemy.engine.Engine - INFO - [raw sql] ()
2026-05-08 17:10:20 - sqlalchemy.engine.Engine - INFO - COMMIT
2026-05-08 17:10:20 - database.database - INFO - Database initialized successfully
2026-05-08 17:10:20 - main - INFO - Database initialized successfully
2026-05-08 17:10:20 - main - INFO - Shutting down AI Video Generator API...
2026-05-08 17:10:20 - database.database - INFO - Database connections closed
2026-05-08 17:10:20 - main - INFO - Database connections closed
2026-05-08 17:11:01 - main - INFO - Starting AI Video Generator API...
2026-05-08 17:11:01 - database.database - WARNING - DATABASE_URL not configured, using SQLite
2026-05-08 17:11:01 - sqlalchemy.engine.Engine - INFO - BEGIN (implicit)
2026-05-08 17:11:01 - sqlalchemy.engine.Engine - INFO - PRAGMA main.table_info("users")
2026-05-08 17:11:01 - sqlalchemy.engine.Engine - INFO - [raw sql] ()
2026-05-08 17:11:01 - sqlalchemy.engine.Engine - INFO - PRAGMA main.table_info("projects")
2026-05-08 17:11:01 - sqlalchemy.engine.Engine - INFO - [raw sql] ()
2026-05-08 17:11:01 - sqlalchemy.engine.Engine - INFO - PRAGMA main.table_info("scenes")
2026-05-08 17:11:01 - sqlalchemy.engine.Engine - INFO - [raw sql] ()
2026-05-08 17:11:01 - sqlalchemy.engine.Engine - INFO - PRAGMA main.table_info("generated_assets")
2026-05-08 17:11:01 - sqlalchemy.engine.Engine - INFO - [raw sql] ()
2026-05-08 17:11:01 - sqlalchemy.engine.Engine - INFO - COMMIT
2026-05-08 17:11:01 - database.database - INFO - Database initialized successfully
2026-05-08 17:11:01 - main - INFO - Database initialized successfully
2026-05-08 17:13:58 - main - INFO - Shutting down AI Video Generator API...
2026-05-08 17:13:58 - database.database - INFO - Database connections closed
2026-05-08 17:13:58 - main - INFO - Database connections closed
2026-05-08 17:14:08 - main - INFO - Starting AI Video Generator API...
2026-05-08 17:14:08 - database.database - WARNING - DATABASE_URL not configured, using SQLite
2026-05-08 17:14:08 - sqlalchemy.engine.Engine - INFO - BEGIN (implicit)
2026-05-08 17:14:08 - sqlalchemy.engine.Engine - INFO - PRAGMA main.table_info("users")
2026-05-08 17:14:08 - sqlalchemy.engine.Engine - INFO - [raw sql] ()
2026-05-08 17:14:08 - sqlalchemy.engine.Engine - INFO - PRAGMA main.table_info("projects")
2026-05-08 17:14:08 - sqlalchemy.engine.Engine - INFO - [raw sql] ()
2026-05-08 17:14:08 - sqlalchemy.engine.Engine - INFO - PRAGMA main.table_info("scenes")
2026-05-08 17:14:08 - sqlalchemy.engine.Engine - INFO - [raw sql] ()
2026-05-08 17:14:08 - sqlalchemy.engine.Engine - INFO - PRAGMA main.table_info("generated_assets")
2026-05-08 17:14:08 - sqlalchemy.engine.Engine - INFO - [raw sql] ()
2026-05-08 17:14:08 - sqlalchemy.engine.Engine - INFO - COMMIT
2026-05-08 17:14:08 - database.database - INFO - Database initialized successfully
2026-05-08 17:14:08 - main - INFO - Database initialized successfully
2026-05-08 17:14:08 - main - INFO - Shutting down AI Video Generator API...
2026-05-08 17:14:08 - database.database - INFO - Database connections closed
2026-05-08 17:14:08 - main - INFO - Database connections closed
2026-05-08 17:14:14 - main - INFO - Starting AI Video Generator API...
2026-05-08 17:14:14 - database.database - WARNING - DATABASE_URL not configured, using SQLite
2026-05-08 17:14:14 - sqlalchemy.engine.Engine - INFO - BEGIN (implicit)
2026-05-08 17:14:14 - sqlalchemy.engine.Engine - INFO - PRAGMA main.table_info("users")
2026-05-08 17:14:14 - sqlalchemy.engine.Engine - INFO - [raw sql] ()
2026-05-08 17:14:14 - sqlalchemy.engine.Engine - INFO - PRAGMA main.table_info("projects")
2026-05-08 17:14:14 - sqlalchemy.engine.Engine - INFO - [raw sql] ()
2026-05-08 17:14:14 - sqlalchemy.engine.Engine - INFO - PRAGMA main.table_info("scenes")
2026-05-08 17:14:14 - sqlalchemy.engine.Engine - INFO - [raw sql] ()
2026-05-08 17:14:14 - sqlalchemy.engine.Engine - INFO - PRAGMA main.table_info("generated_assets")
2026-05-08 17:14:14 - sqlalchemy.engine.Engine - INFO - [raw sql] ()
2026-05-08 17:14:14 - sqlalchemy.engine.Engine - INFO - COMMIT
2026-05-08 17:14:14 - database.database - INFO - Database initialized successfully
2026-05-08 17:14:14 - main - INFO - Database initialized successfully
2026-05-08 17:14:14 - main - INFO - Shutting down AI Video Generator API...
2026-05-08 17:14:14 - database.database - INFO - Database connections closed
2026-05-08 17:14:14 - main - INFO - Database connections closed
2026-05-08 17:14:19 - main - INFO - Starting AI Video Generator API...
2026-05-08 17:14:19 - database.database - WARNING - DATABASE_URL not configured, using SQLite
2026-05-08 17:14:19 - sqlalchemy.engine.Engine - INFO - BEGIN (implicit)
2026-05-08 17:14:19 - sqlalchemy.engine.Engine - INFO - PRAGMA main.table_info("users")
2026-05-08 17:14:19 - sqlalchemy.engine.Engine - INFO - [raw sql] ()
2026-05-08 17:14:19 - sqlalchemy.engine.Engine - INFO - PRAGMA main.table_info("projects")
2026-05-08 17:14:19 - sqlalchemy.engine.Engine - INFO - [raw sql] ()
2026-05-08 17:14:19 - sqlalchemy.engine.Engine - INFO - PRAGMA main.table_info("scenes")
2026-05-08 17:14:19 - sqlalchemy.engine.Engine - INFO - [raw sql] ()
2026-05-08 17:14:19 - sqlalchemy.engine.Engine - INFO - PRAGMA main.table_info("generated_assets")
2026-05-08 17:14:19 - sqlalchemy.engine.Engine - INFO - [raw sql] ()
2026-05-08 17:14:19 - sqlalchemy.engine.Engine - INFO - COMMIT
2026-05-08 17:14:19 - database.database - INFO - Database initialized successfully
2026-05-08 17:14:19 - main - INFO - Database initialized successfully
2026-05-08 17:14:19 - main - INFO - Shutting down AI Video Generator API...
2026-05-08 17:14:19 - database.database - INFO - Database connections closed
2026-05-08 17:14:19 - main - INFO - Database connections closed
2026-05-08 17:14:24 - main - INFO - Starting AI Video Generator API...
2026-05-08 17:14:24 - database.database - WARNING - DATABASE_URL not configured, using SQLite
2026-05-08 17:14:24 - sqlalchemy.engine.Engine - INFO - BEGIN (implicit)
2026-05-08 17:14:24 - sqlalchemy.engine.Engine - INFO - PRAGMA main.table_info("users")
2026-05-08 17:14:24 - sqlalchemy.engine.Engine - INFO - [raw sql] ()
2026-05-08 17:14:24 - sqlalchemy.engine.Engine - INFO - PRAGMA main.table_info("projects")
2026-05-08 17:14:24 - sqlalchemy.engine.Engine - INFO - [raw sql] ()
2026-05-08 17:14:24 - sqlalchemy.engine.Engine - INFO - PRAGMA main.table_info("scenes")
2026-05-08 17:14:24 - sqlalchemy.engine.Engine - INFO - [raw sql] ()
2026-05-08 17:14:24 - sqlalchemy.engine.Engine - INFO - PRAGMA main.table_info("generated_assets")
2026-05-08 17:14:24 - sqlalchemy.engine.Engine - INFO - [raw sql] ()
2026-05-08 17:14:24 - sqlalchemy.engine.Engine - INFO - COMMIT
2026-05-08 17:14:24 - database.database - INFO - Database initialized successfully
2026-05-08 17:14:24 - main - INFO - Database initialized successfully
2026-05-08 17:14:24 - main - INFO - Shutting down AI Video Generator API...
2026-05-08 17:14:24 - database.database - INFO - Database connections closed
2026-05-08 17:14:24 - main - INFO - Database connections closed
2026-05-08 17:14:29 - main - INFO - Starting AI Video Generator API...
2026-05-08 17:14:29 - database.database - WARNING - DATABASE_URL not configured, using SQLite
2026-05-08 17:14:29 - sqlalchemy.engine.Engine - INFO - BEGIN (implicit)
2026-05-08 17:14:29 - sqlalchemy.engine.Engine - INFO - PRAGMA main.table_info("users")
2026-05-08 17:14:29 - sqlalchemy.engine.Engine - INFO - [raw sql] ()
2026-05-08 17:14:29 - sqlalchemy.engine.Engine - INFO - PRAGMA main.table_info("projects")
2026-05-08 17:14:29 - sqlalchemy.engine.Engine - INFO - [raw sql] ()
2026-05-08 17:14:29 - sqlalchemy.engine.Engine - INFO - PRAGMA main.table_info("scenes")
2026-05-08 17:14:29 - sqlalchemy.engine.Engine - INFO - [raw sql] ()
2026-05-08 17:14:29 - sqlalchemy.engine.Engine - INFO - PRAGMA main.table_info("generated_assets")
2026-05-08 17:14:29 - sqlalchemy.engine.Engine - INFO - [raw sql] ()
2026-05-08 17:14:29 - sqlalchemy.engine.Engine - INFO - COMMIT
2026-05-08 17:14:29 - database.database - INFO - Database initialized successfully
2026-05-08 17:14:29 - main - INFO - Database initialized successfully
2026-05-08 17:14:29 - main - INFO - Shutting down AI Video Generator API...
2026-05-08 17:14:29 - database.database - INFO - Database connections closed
2026-05-08 17:14:29 - main - INFO - Database connections closed
2026-05-08 17:14:33 - main - INFO - Starting AI Video Generator API...
2026-05-08 17:14:33 - database.database - WARNING - DATABASE_URL not configured, using SQLite
2026-05-08 17:14:33 - sqlalchemy.engine.Engine - INFO - BEGIN (implicit)
2026-05-08 17:14:33 - sqlalchemy.engine.Engine - INFO - PRAGMA main.table_info("users")
2026-05-08 17:14:33 - sqlalchemy.engine.Engine - INFO - [raw sql] ()
2026-05-08 17:14:33 - sqlalchemy.engine.Engine - INFO - PRAGMA main.table_info("projects")
2026-05-08 17:14:33 - sqlalchemy.engine.Engine - INFO - [raw sql] ()
2026-05-08 17:14:33 - sqlalchemy.engine.Engine - INFO - PRAGMA main.table_info("scenes")
2026-05-08 17:14:33 - sqlalchemy.engine.Engine - INFO - [raw sql] ()
2026-05-08 17:14:33 - sqlalchemy.engine.Engine - INFO - PRAGMA main.table_info("generated_assets")
2026-05-08 17:14:33 - sqlalchemy.engine.Engine - INFO - [raw sql] ()
2026-05-08 17:14:33 - sqlalchemy.engine.Engine - INFO - COMMIT
2026-05-08 17:14:33 - database.database - INFO - Database initialized successfully
2026-05-08 17:14:33 - main - INFO - Database initialized successfully
2026-05-08 17:14:33 - main - INFO - Shutting down AI Video Generator API...
2026-05-08 17:14:33 - database.database - INFO - Database connections closed
2026-05-08 17:14:33 - main - INFO - Database connections closed
2026-05-08 17:14:38 - main - INFO - Starting AI Video Generator API...
2026-05-08 17:14:38 - database.database - WARNING - DATABASE_URL not configured, using SQLite
2026-05-08 17:14:38 - sqlalchemy.engine.Engine - INFO - BEGIN (implicit)
2026-05-08 17:14:38 - sqlalchemy.engine.Engine - INFO - PRAGMA main.table_info("users")
2026-05-08 17:14:38 - sqlalchemy.engine.Engine - INFO - [raw sql] ()
2026-05-08 17:14:38 - sqlalchemy.engine.Engine - INFO - PRAGMA main.table_info("projects")
2026-05-08 17:14:38 - sqlalchemy.engine.Engine - INFO - [raw sql] ()
2026-05-08 17:14:38 - sqlalchemy.engine.Engine - INFO - PRAGMA main.table_info("scenes")
2026-05-08 17:14:38 - sqlalchemy.engine.Engine - INFO - [raw sql] ()
2026-05-08 17:14:38 - sqlalchemy.engine.Engine - INFO - PRAGMA main.table_info("generated_assets")
2026-05-08 17:14:38 - sqlalchemy.engine.Engine - INFO - [raw sql] ()
2026-05-08 17:14:38 - sqlalchemy.engine.Engine - INFO - COMMIT
2026-05-08 17:14:38 - database.database - INFO - Database initialized successfully
2026-05-08 17:14:38 - main - INFO - Database initialized successfully
2026-05-08 17:14:39 - main - INFO - Shutting down AI Video Generator API...
2026-05-08 17:14:39 - database.database - INFO - Database connections closed
2026-05-08 17:14:39 - main - INFO - Database connections closed
2026-05-08 17:14:43 - main - INFO - Starting AI Video Generator API...
2026-05-08 17:14:44 - database.database - WARNING - DATABASE_URL not configured, using SQLite
2026-05-08 17:14:44 - sqlalchemy.engine.Engine - INFO - BEGIN (implicit)
2026-05-08 17:14:44 - sqlalchemy.engine.Engine - INFO - PRAGMA main.table_info("users")
2026-05-08 17:14:44 - sqlalchemy.engine.Engine - INFO - [raw sql] ()
2026-05-08 17:14:44 - sqlalchemy.engine.Engine - INFO - PRAGMA main.table_info("projects")
2026-05-08 17:14:44 - sqlalchemy.engine.Engine - INFO - [raw sql] ()
2026-05-08 17:14:44 - sqlalchemy.engine.Engine - INFO - PRAGMA main.table_info("scenes")
2026-05-08 17:14:44 - sqlalchemy.engine.Engine - INFO - [raw sql] ()
2026-05-08 17:14:44 - sqlalchemy.engine.Engine - INFO - PRAGMA main.table_info("generated_assets")
2026-05-08 17:14:44 - sqlalchemy.engine.Engine - INFO - [raw sql] ()
2026-05-08 17:14:44 - sqlalchemy.engine.Engine - INFO - COMMIT
2026-05-08 17:14:44 - database.database - INFO - Database initialized successfully
2026-05-08 17:14:44 - main - INFO - Database initialized successfully
2026-05-08 17:14:45 - main - INFO - Shutting down AI Video Generator API...
2026-05-08 17:14:45 - database.database - INFO - Database connections closed
2026-05-08 17:14:45 - main - INFO - Database connections closed
2026-05-08 17:14:50 - main - INFO - Starting AI Video Generator API...
2026-05-08 17:14:50 - database.database - WARNING - DATABASE_URL not configured, using SQLite
2026-05-08 17:14:50 - sqlalchemy.engine.Engine - INFO - BEGIN (implicit)
2026-05-08 17:14:50 - sqlalchemy.engine.Engine - INFO - PRAGMA main.table_info("users")
2026-05-08 17:14:50 - sqlalchemy.engine.Engine - INFO - [raw sql] ()
2026-05-08 17:14:50 - sqlalchemy.engine.Engine - INFO - PRAGMA main.table_info("projects")
2026-05-08 17:14:50 - sqlalchemy.engine.Engine - INFO - [raw sql] ()
2026-05-08 17:14:50 - sqlalchemy.engine.Engine - INFO - PRAGMA main.table_info("scenes")
2026-05-08 17:14:50 - sqlalchemy.engine.Engine - INFO - [raw sql] ()
2026-05-08 17:14:50 - sqlalchemy.engine.Engine - INFO - PRAGMA main.table_info("generated_assets")
2026-05-08 17:14:50 - sqlalchemy.engine.Engine - INFO - [raw sql] ()
2026-05-08 17:14:50 - sqlalchemy.engine.Engine - INFO - COMMIT
2026-05-08 17:14:50 - database.database - INFO - Database initialized successfully
2026-05-08 17:14:50 - main - INFO - Database initialized successfully
2026-05-08 17:15:36 - main - INFO - Starting AI Video Generator API...
2026-05-08 17:15:36 - database.database - WARNING - DATABASE_URL not configured, using SQLite
2026-05-08 17:15:36 - sqlalchemy.engine.Engine - INFO - BEGIN (implicit)
2026-05-08 17:15:36 - sqlalchemy.engine.Engine - INFO - PRAGMA main.table_info("users")
2026-05-08 17:15:36 - sqlalchemy.engine.Engine - INFO - [raw sql] ()
2026-05-08 17:15:36 - sqlalchemy.engine.Engine - INFO - PRAGMA main.table_info("projects")
2026-05-08 17:15:36 - sqlalchemy.engine.Engine - INFO - [raw sql] ()
2026-05-08 17:15:36 - sqlalchemy.engine.Engine - INFO - PRAGMA main.table_info("scenes")
2026-05-08 17:15:36 - sqlalchemy.engine.Engine - INFO - [raw sql] ()
2026-05-08 17:15:36 - sqlalchemy.engine.Engine - INFO - PRAGMA main.table_info("generated_assets")
2026-05-08 17:15:36 - sqlalchemy.engine.Engine - INFO - [raw sql] ()
2026-05-08 17:15:36 - sqlalchemy.engine.Engine - INFO - COMMIT
2026-05-08 17:15:36 - database.database - INFO - Database initialized successfully
2026-05-08 17:15:36 - main - INFO - Database initialized successfully
2026-05-08 17:15:36 - main - INFO - Shutting down AI Video Generator API...
2026-05-08 17:15:36 - database.database - INFO - Database connections closed
2026-05-08 17:15:36 - main - INFO - Database connections closed
2026-05-08 17:15:57 - main - INFO - Starting AI Video Generator API...
2026-05-08 17:15:57 - database.database - WARNING - DATABASE_URL not configured, using SQLite
2026-05-08 17:15:57 - sqlalchemy.engine.Engine - INFO - BEGIN (implicit)
2026-05-08 17:15:57 - sqlalchemy.engine.Engine - INFO - PRAGMA main.table_info("users")
2026-05-08 17:15:57 - sqlalchemy.engine.Engine - INFO - [raw sql] ()
2026-05-08 17:15:57 - sqlalchemy.engine.Engine - INFO - PRAGMA main.table_info("projects")
2026-05-08 17:15:57 - sqlalchemy.engine.Engine - INFO - [raw sql] ()
2026-05-08 17:15:57 - sqlalchemy.engine.Engine - INFO - PRAGMA main.table_info("scenes")
2026-05-08 17:15:57 - sqlalchemy.engine.Engine - INFO - [raw sql] ()
2026-05-08 17:15:57 - sqlalchemy.engine.Engine - INFO - PRAGMA main.table_info("generated_assets")
2026-05-08 17:15:57 - sqlalchemy.engine.Engine - INFO - [raw sql] ()
2026-05-08 17:15:57 - sqlalchemy.engine.Engine - INFO - COMMIT
2026-05-08 17:15:57 - database.database - INFO - Database initialized successfully
2026-05-08 17:15:57 - main - INFO - Database initialized successfully
2026-05-08 17:16:45 - sqlalchemy.engine.Engine - INFO - BEGIN (implicit)
2026-05-08 17:16:45 - sqlalchemy.engine.Engine - INFO - SELECT users.id, users.email, users.username, users.password_hash, users.first_name, users.last_name, users.is_active, users.is_verified, users.last_login, users.created_at, users.updated_at 
FROM users 
WHERE users.email = ?
2026-05-08 17:16:45 - sqlalchemy.engine.Engine - INFO - [generated in 0.00853s] ('chittuloorinithin@gmail.com',)
2026-05-08 17:16:45 - sqlalchemy.engine.Engine - INFO - ROLLBACK
2026-05-08 17:16:45 - sqlalchemy.engine.Engine - INFO - BEGIN (implicit)
2026-05-08 17:16:45 - sqlalchemy.engine.Engine - INFO - SELECT users.id, users.email, users.username, users.password_hash, users.first_name, users.last_name, users.is_active, users.is_verified, users.last_login, users.created_at, users.updated_at 
FROM users 
WHERE users.username = ?
2026-05-08 17:16:45 - sqlalchemy.engine.Engine - INFO - [generated in 0.00505s] ('nithin',)
2026-05-08 17:16:45 - sqlalchemy.engine.Engine - INFO - ROLLBACK
2026-05-08 17:16:46 - passlib.handlers.bcrypt - WARNING - (trapped) error reading bcrypt version
Traceback (most recent call last):
  File "C:\Users\c nithin\AppData\Local\Programs\Python\Python310\lib\site-packages\passlib\handlers\bcrypt.py", line 620, in _load_backend_mixin
    version = _bcrypt.__about__.__version__
AttributeError: module 'bcrypt' has no attribute '__about__'
2026-05-08 17:16:46 - utils.auth - ERROR - Password hashing error: password cannot be longer than 72 bytes, truncate manually if necessary (e.g. my_password[:72])
2026-05-08 17:16:46 - routes.auth - ERROR - User registration failed: Failed to hash password
2026-05-08 17:18:04 - main - INFO - Shutting down AI Video Generator API...
2026-05-08 17:18:04 - database.database - INFO - Database connections closed
2026-05-08 17:18:04 - main - INFO - Database connections closed
2026-05-08 17:18:12 - main - INFO - Starting AI Video Generator API...
2026-05-08 17:18:12 - database.database - WARNING - DATABASE_URL not configured, using SQLite
2026-05-08 17:18:12 - sqlalchemy.engine.Engine - INFO - BEGIN (implicit)
2026-05-08 17:18:12 - sqlalchemy.engine.Engine - INFO - PRAGMA main.table_info("users")
2026-05-08 17:18:12 - sqlalchemy.engine.Engine - INFO - [raw sql] ()
2026-05-08 17:18:12 - sqlalchemy.engine.Engine - INFO - PRAGMA main.table_info("projects")
2026-05-08 17:18:12 - sqlalchemy.engine.Engine - INFO - [raw sql] ()
2026-05-08 17:18:12 - sqlalchemy.engine.Engine - INFO - PRAGMA main.table_info("scenes")
2026-05-08 17:18:12 - sqlalchemy.engine.Engine - INFO - [raw sql] ()
2026-05-08 17:18:12 - sqlalchemy.engine.Engine - INFO - PRAGMA main.table_info("generated_assets")
2026-05-08 17:18:12 - sqlalchemy.engine.Engine - INFO - [raw sql] ()
2026-05-08 17:18:12 - sqlalchemy.engine.Engine - INFO - COMMIT
2026-05-08 17:18:12 - database.database - INFO - Database initialized successfully
2026-05-08 17:18:12 - main - INFO - Database initialized successfully
2026-05-08 17:18:12 - main - INFO - Shutting down AI Video Generator API...
2026-05-08 17:18:12 - database.database - INFO - Database connections closed
2026-05-08 17:18:12 - main - INFO - Database connections closed
2026-05-08 17:18:19 - main - INFO - Starting AI Video Generator API...
2026-05-08 17:18:19 - database.database - WARNING - DATABASE_URL not configured, using SQLite
2026-05-08 17:18:19 - sqlalchemy.engine.Engine - INFO - BEGIN (implicit)
2026-05-08 17:18:19 - sqlalchemy.engine.Engine - INFO - PRAGMA main.table_info("users")
2026-05-08 17:18:19 - sqlalchemy.engine.Engine - INFO - [raw sql] ()
2026-05-08 17:18:19 - sqlalchemy.engine.Engine - INFO - PRAGMA main.table_info("projects")
2026-05-08 17:18:19 - sqlalchemy.engine.Engine - INFO - [raw sql] ()
2026-05-08 17:18:19 - sqlalchemy.engine.Engine - INFO - PRAGMA main.table_info("scenes")
2026-05-08 17:18:19 - sqlalchemy.engine.Engine - INFO - [raw sql] ()
2026-05-08 17:18:19 - sqlalchemy.engine.Engine - INFO - PRAGMA main.table_info("generated_assets")
2026-05-08 17:18:19 - sqlalchemy.engine.Engine - INFO - [raw sql] ()
2026-05-08 17:18:19 - sqlalchemy.engine.Engine - INFO - COMMIT
2026-05-08 17:18:19 - database.database - INFO - Database initialized successfully
2026-05-08 17:18:19 - main - INFO - Database initialized successfully
2026-05-08 17:18:19 - main - INFO - Shutting down AI Video Generator API...
2026-05-08 17:18:19 - database.database - INFO - Database connections closed
2026-05-08 17:18:19 - main - INFO - Database connections closed
2026-05-08 17:18:29 - main - INFO - Starting AI Video Generator API...
2026-05-08 17:18:29 - database.database - WARNING - DATABASE_URL not configured, using SQLite
2026-05-08 17:18:30 - sqlalchemy.engine.Engine - INFO - BEGIN (implicit)
2026-05-08 17:18:30 - sqlalchemy.engine.Engine - INFO - PRAGMA main.table_info("users")
2026-05-08 17:18:30 - sqlalchemy.engine.Engine - INFO - [raw sql] ()
2026-05-08 17:18:30 - sqlalchemy.engine.Engine - INFO - PRAGMA main.table_info("projects")
2026-05-08 17:18:30 - sqlalchemy.engine.Engine - INFO - [raw sql] ()
2026-05-08 17:18:30 - sqlalchemy.engine.Engine - INFO - PRAGMA main.table_info("scenes")
2026-05-08 17:18:30 - sqlalchemy.engine.Engine - INFO - [raw sql] ()
2026-05-08 17:18:30 - sqlalchemy.engine.Engine - INFO - PRAGMA main.table_info("generated_assets")
2026-05-08 17:18:30 - sqlalchemy.engine.Engine - INFO - [raw sql] ()
2026-05-08 17:18:30 - sqlalchemy.engine.Engine - INFO - COMMIT
2026-05-08 17:18:30 - database.database - INFO - Database initialized successfully
2026-05-08 17:18:30 - main - INFO - Database initialized successfully
2026-05-08 17:18:30 - main - INFO - Shutting down AI Video Generator API...
2026-05-08 17:18:30 - database.database - INFO - Database connections closed
2026-05-08 17:18:30 - main - INFO - Database connections closed
2026-05-08 17:18:36 - main - INFO - Starting AI Video Generator API...
2026-05-08 17:18:36 - database.database - WARNING - DATABASE_URL not configured, using SQLite
2026-05-08 17:18:36 - sqlalchemy.engine.Engine - INFO - BEGIN (implicit)
2026-05-08 17:18:36 - sqlalchemy.engine.Engine - INFO - PRAGMA main.table_info("users")
2026-05-08 17:18:36 - sqlalchemy.engine.Engine - INFO - [raw sql] ()
2026-05-08 17:18:36 - sqlalchemy.engine.Engine - INFO - PRAGMA main.table_info("projects")
2026-05-08 17:18:36 - sqlalchemy.engine.Engine - INFO - [raw sql] ()
2026-05-08 17:18:36 - sqlalchemy.engine.Engine - INFO - PRAGMA main.table_info("scenes")
2026-05-08 17:18:36 - sqlalchemy.engine.Engine - INFO - [raw sql] ()
2026-05-08 17:18:36 - sqlalchemy.engine.Engine - INFO - PRAGMA main.table_info("generated_assets")
2026-05-08 17:18:36 - sqlalchemy.engine.Engine - INFO - [raw sql] ()
2026-05-08 17:18:36 - sqlalchemy.engine.Engine - INFO - COMMIT
2026-05-08 17:18:36 - database.database - INFO - Database initialized successfully
2026-05-08 17:18:36 - main - INFO - Database initialized successfully
2026-05-08 17:18:36 - main - INFO - Shutting down AI Video Generator API...
2026-05-08 17:18:36 - database.database - INFO - Database connections closed
2026-05-08 17:18:36 - main - INFO - Database connections closed
2026-05-08 17:18:43 - main - INFO - Starting AI Video Generator API...
2026-05-08 17:18:43 - database.database - WARNING - DATABASE_URL not configured, using SQLite
2026-05-08 17:18:43 - sqlalchemy.engine.Engine - INFO - BEGIN (implicit)
2026-05-08 17:18:43 - sqlalchemy.engine.Engine - INFO - PRAGMA main.table_info("users")
2026-05-08 17:18:43 - sqlalchemy.engine.Engine - INFO - [raw sql] ()
2026-05-08 17:18:43 - sqlalchemy.engine.Engine - INFO - PRAGMA main.table_info("projects")
2026-05-08 17:18:43 - sqlalchemy.engine.Engine - INFO - [raw sql] ()
2026-05-08 17:18:43 - sqlalchemy.engine.Engine - INFO - PRAGMA main.table_info("scenes")
2026-05-08 17:18:43 - sqlalchemy.engine.Engine - INFO - [raw sql] ()
2026-05-08 17:18:43 - sqlalchemy.engine.Engine - INFO - PRAGMA main.table_info("generated_assets")
2026-05-08 17:18:43 - sqlalchemy.engine.Engine - INFO - [raw sql] ()
2026-05-08 17:18:43 - sqlalchemy.engine.Engine - INFO - COMMIT
2026-05-08 17:18:43 - database.database - INFO - Database initialized successfully
2026-05-08 17:18:43 - main - INFO - Database initialized successfully
2026-05-08 17:18:48 - main - INFO - Shutting down AI Video Generator API...
2026-05-08 17:18:48 - database.database - INFO - Database connections closed
2026-05-08 17:18:48 - main - INFO - Database connections closed
2026-05-08 17:19:00 - main - INFO - Starting AI Video Generator API...
2026-05-08 17:19:00 - database.database - WARNING - DATABASE_URL not configured, using SQLite
2026-05-08 17:19:00 - sqlalchemy.engine.Engine - INFO - BEGIN (implicit)
2026-05-08 17:19:00 - sqlalchemy.engine.Engine - INFO - PRAGMA main.table_info("users")
2026-05-08 17:19:00 - sqlalchemy.engine.Engine - INFO - [raw sql] ()
2026-05-08 17:19:00 - sqlalchemy.engine.Engine - INFO - PRAGMA main.table_info("projects")
2026-05-08 17:19:00 - sqlalchemy.engine.Engine - INFO - [raw sql] ()
2026-05-08 17:19:00 - sqlalchemy.engine.Engine - INFO - PRAGMA main.table_info("scenes")
2026-05-08 17:19:00 - sqlalchemy.engine.Engine - INFO - [raw sql] ()
2026-05-08 17:19:00 - sqlalchemy.engine.Engine - INFO - PRAGMA main.table_info("generated_assets")
2026-05-08 17:19:00 - sqlalchemy.engine.Engine - INFO - [raw sql] ()
2026-05-08 17:19:00 - sqlalchemy.engine.Engine - INFO - COMMIT
2026-05-08 17:19:00 - database.database - INFO - Database initialized successfully
2026-05-08 17:19:00 - main - INFO - Database initialized successfully
2026-05-08 17:19:03 - main - INFO - Shutting down AI Video Generator API...
2026-05-08 17:19:03 - database.database - INFO - Database connections closed
2026-05-08 17:19:03 - main - INFO - Database connections closed
2026-05-08 17:19:50 - main - INFO - Starting AI Video Generator API...
2026-05-08 17:19:50 - database.database - WARNING - DATABASE_URL not configured, using SQLite
2026-05-08 17:19:50 - sqlalchemy.engine.Engine - INFO - BEGIN (implicit)
2026-05-08 17:19:50 - sqlalchemy.engine.Engine - INFO - PRAGMA main.table_info("users")
2026-05-08 17:19:50 - sqlalchemy.engine.Engine - INFO - [raw sql] ()
2026-05-08 17:19:50 - sqlalchemy.engine.Engine - INFO - PRAGMA main.table_info("projects")
2026-05-08 17:19:50 - sqlalchemy.engine.Engine - INFO - [raw sql] ()
2026-05-08 17:19:50 - sqlalchemy.engine.Engine - INFO - PRAGMA main.table_info("scenes")
2026-05-08 17:19:50 - sqlalchemy.engine.Engine - INFO - [raw sql] ()
2026-05-08 17:19:50 - sqlalchemy.engine.Engine - INFO - PRAGMA main.table_info("generated_assets")
2026-05-08 17:19:50 - sqlalchemy.engine.Engine - INFO - [raw sql] ()
2026-05-08 17:19:50 - sqlalchemy.engine.Engine - INFO - COMMIT
2026-05-08 17:19:50 - database.database - INFO - Database initialized successfully
2026-05-08 17:19:50 - main - INFO - Database initialized successfully
2026-05-08 17:36:37 - main - INFO - Starting AI Video Generator API...
2026-05-08 17:36:37 - database.database - WARNING - DATABASE_URL not configured, using SQLite
2026-05-08 17:36:37 - sqlalchemy.engine.Engine - INFO - BEGIN (implicit)
2026-05-08 17:36:37 - sqlalchemy.engine.Engine - INFO - PRAGMA main.table_info("users")
2026-05-08 17:36:37 - sqlalchemy.engine.Engine - INFO - [raw sql] ()
2026-05-08 17:36:37 - sqlalchemy.engine.Engine - INFO - PRAGMA main.table_info("projects")
2026-05-08 17:36:37 - sqlalchemy.engine.Engine - INFO - [raw sql] ()
2026-05-08 17:36:37 - sqlalchemy.engine.Engine - INFO - PRAGMA main.table_info("scenes")
2026-05-08 17:36:37 - sqlalchemy.engine.Engine - INFO - [raw sql] ()
2026-05-08 17:36:37 - sqlalchemy.engine.Engine - INFO - PRAGMA main.table_info("generated_assets")
2026-05-08 17:36:37 - sqlalchemy.engine.Engine - INFO - [raw sql] ()
2026-05-08 17:36:37 - sqlalchemy.engine.Engine - INFO - COMMIT
2026-05-08 17:36:37 - database.database - INFO - Database initialized successfully
2026-05-08 17:36:37 - main - INFO - Database initialized successfully
2026-05-08 17:37:45 - main - INFO - Shutting down AI Video Generator API...
2026-05-08 17:37:45 - database.database - INFO - Database connections closed
2026-05-08 17:37:45 - main - INFO - Database connections closed
2026-05-08 18:17:32 - main - INFO - Starting AI Video Generator API...
2026-05-08 18:17:32 - database.database - WARNING - DATABASE_URL not configured, using SQLite
2026-05-08 18:17:32 - sqlalchemy.engine.Engine - INFO - BEGIN (implicit)
2026-05-08 18:17:32 - sqlalchemy.engine.Engine - INFO - PRAGMA main.table_info("users")
2026-05-08 18:17:32 - sqlalchemy.engine.Engine - INFO - [raw sql] ()
2026-05-08 18:17:32 - sqlalchemy.engine.Engine - INFO - PRAGMA main.table_info("projects")
2026-05-08 18:17:32 - sqlalchemy.engine.Engine - INFO - [raw sql] ()
2026-05-08 18:17:32 - sqlalchemy.engine.Engine - INFO - PRAGMA main.table_info("scenes")
2026-05-08 18:17:32 - sqlalchemy.engine.Engine - INFO - [raw sql] ()
2026-05-08 18:17:32 - sqlalchemy.engine.Engine - INFO - PRAGMA main.table_info("generated_assets")
2026-05-08 18:17:32 - sqlalchemy.engine.Engine - INFO - [raw sql] ()
2026-05-08 18:17:32 - sqlalchemy.engine.Engine - INFO - COMMIT
2026-05-08 18:17:32 - database.database - INFO - Database initialized successfully
2026-05-08 18:17:32 - main - INFO - Database initialized successfully
2026-05-08 18:21:24 - main - INFO - Starting AI Video Generator API...
2026-05-08 18:21:24 - database.database - WARNING - DATABASE_URL not configured, using SQLite
2026-05-08 18:21:24 - sqlalchemy.engine.Engine - INFO - BEGIN (implicit)
2026-05-08 18:21:24 - sqlalchemy.engine.Engine - INFO - PRAGMA main.table_info("users")
2026-05-08 18:21:24 - sqlalchemy.engine.Engine - INFO - [raw sql] ()
2026-05-08 18:21:24 - sqlalchemy.engine.Engine - INFO - PRAGMA main.table_info("projects")
2026-05-08 18:21:24 - sqlalchemy.engine.Engine - INFO - [raw sql] ()
2026-05-08 18:21:24 - sqlalchemy.engine.Engine - INFO - PRAGMA main.table_info("scenes")
2026-05-08 18:21:24 - sqlalchemy.engine.Engine - INFO - [raw sql] ()
2026-05-08 18:21:24 - sqlalchemy.engine.Engine - INFO - PRAGMA main.table_info("generated_assets")
2026-05-08 18:21:24 - sqlalchemy.engine.Engine - INFO - [raw sql] ()
2026-05-08 18:21:24 - sqlalchemy.engine.Engine - INFO - COMMIT
2026-05-08 18:21:24 - database.database - INFO - Database initialized successfully
2026-05-08 18:21:24 - main - INFO - Database initialized successfully
2026-05-08 18:21:24 - main - INFO - Shutting down AI Video Generator API...
2026-05-08 18:21:24 - database.database - INFO - Database connections closed
2026-05-08 18:21:24 - main - INFO - Database connections closed
2026-05-08 18:22:33 - main - INFO - Starting AI Video Generator API...
2026-05-08 18:22:33 - database.database - WARNING - DATABASE_URL not configured, using SQLite
2026-05-08 18:22:33 - sqlalchemy.engine.Engine - INFO - BEGIN (implicit)
2026-05-08 18:22:33 - sqlalchemy.engine.Engine - INFO - PRAGMA main.table_info("users")
2026-05-08 18:22:33 - sqlalchemy.engine.Engine - INFO - [raw sql] ()
2026-05-08 18:22:33 - sqlalchemy.engine.Engine - INFO - PRAGMA main.table_info("projects")
2026-05-08 18:22:33 - sqlalchemy.engine.Engine - INFO - [raw sql] ()
2026-05-08 18:22:33 - sqlalchemy.engine.Engine - INFO - PRAGMA main.table_info("scenes")
2026-05-08 18:22:33 - sqlalchemy.engine.Engine - INFO - [raw sql] ()
2026-05-08 18:22:33 - sqlalchemy.engine.Engine - INFO - PRAGMA main.table_info("generated_assets")
2026-05-08 18:22:33 - sqlalchemy.engine.Engine - INFO - [raw sql] ()
2026-05-08 18:22:33 - sqlalchemy.engine.Engine - INFO - COMMIT
2026-05-08 18:22:33 - database.database - INFO - Database initialized successfully
2026-05-08 18:22:33 - main - INFO - Database initialized successfully
2026-05-13 15:43:20 - __main__ - INFO - Starting server on 0.0.0.0:8000
2026-05-13 15:43:30 - main - INFO - ================================================================================
2026-05-13 15:43:30 - main - INFO - Starting AI Video Generator API...
2026-05-13 15:43:30 - main - INFO - ================================================================================
2026-05-13 15:43:30 - main - INFO - [Startup] Configuration:
2026-05-13 15:43:30 - main - INFO -   - Host: 0.0.0.0
2026-05-13 15:43:30 - main - INFO -   - Port: 8000
2026-05-13 15:43:30 - main - INFO -   - Debug Mode: True
2026-05-13 15:43:30 - main - INFO -   - Log Level: INFO
2026-05-13 15:43:30 - main - INFO -   - Allowed Origins: 4 origins
2026-05-13 15:43:30 - main - INFO - [Startup] Validating environment variables...
2026-05-13 15:43:30 - watchfiles.main - INFO - 1 change detected
2026-05-13 15:43:30 - watchfiles.main - INFO - 1 change detected
2026-05-13 15:43:30 - watchfiles.main - INFO - 1 change detected
2026-05-13 15:43:31 - watchfiles.main - INFO - 1 change detected
2026-05-13 15:43:31 - watchfiles.main - INFO - 1 change detected
2026-05-13 15:43:32 - watchfiles.main - INFO - 1 change detected
2026-05-13 15:43:32 - watchfiles.main - INFO - 1 change detected
2026-05-13 15:43:32 - watchfiles.main - INFO - 1 change detected
2026-05-13 15:43:33 - watchfiles.main - INFO - 1 change detected
2026-05-13 15:43:33 - watchfiles.main - INFO - 1 change detected
2026-05-13 15:43:33 - watchfiles.main - INFO - 1 change detected
2026-05-13 15:43:34 - watchfiles.main - INFO - 1 change detected
2026-05-13 15:43:34 - watchfiles.main - INFO - 1 change detected
2026-05-13 15:43:35 - watchfiles.main - INFO - 1 change detected
2026-05-13 15:43:35 - watchfiles.main - INFO - 1 change detected
2026-05-13 15:43:35 - watchfiles.main - INFO - 1 change detected
2026-05-13 15:43:36 - watchfiles.main - INFO - 1 change detected
2026-05-13 15:43:36 - watchfiles.main - INFO - 1 change detected
2026-05-13 15:43:37 - watchfiles.main - INFO - 1 change detected
2026-05-13 15:43:37 - watchfiles.main - INFO - 1 change detected
2026-05-13 15:43:38 - watchfiles.main - INFO - 1 change detected
2026-05-13 15:43:38 - watchfiles.main - INFO - 1 change detected
2026-05-13 15:43:38 - watchfiles.main - INFO - 1 change detected
2026-05-13 15:43:39 - watchfiles.main - INFO - 1 change detected
2026-05-13 15:43:39 - watchfiles.main - INFO - 1 change detected
2026-05-13 15:43:40 - watchfiles.main - INFO - 1 change detected
2026-05-13 15:43:40 - watchfiles.main - INFO - 1 change detected
2026-05-13 15:43:40 - watchfiles.main - INFO - 1 change detected
2026-05-13 15:43:41 - watchfiles.main - INFO - 1 change detected
2026-05-13 15:43:41 - watchfiles.main - INFO - 1 change detected
2026-05-13 15:43:41 - watchfiles.main - INFO - 1 change detected
2026-05-13 15:43:42 - watchfiles.main - INFO - 1 change detected
2026-05-13 15:43:42 - watchfiles.main - INFO - 1 change detected
2026-05-13 15:43:43 - watchfiles.main - INFO - 1 change detected
2026-05-13 15:43:43 - watchfiles.main - INFO - 1 change detected
2026-05-13 15:43:43 - watchfiles.main - INFO - 1 change detected
2026-05-13 15:43:44 - watchfiles.main - INFO - 1 change detected
2026-05-13 15:43:44 - watchfiles.main - INFO - 1 change detected
2026-05-13 15:43:45 - watchfiles.main - INFO - 1 change detected
2026-05-13 15:43:45 - watchfiles.main - INFO - 1 change detected
2026-05-13 15:43:45 - watchfiles.main - INFO - 1 change detected
2026-05-13 15:43:46 - watchfiles.main - INFO - 1 change detected
2026-05-13 15:43:46 - watchfiles.main - INFO - 1 change detected
2026-05-13 15:43:46 - watchfiles.main - INFO - 1 change detected
2026-05-13 15:43:47 - watchfiles.main - INFO - 1 change detected
2026-05-13 15:43:47 - watchfiles.main - INFO - 1 change detected
2026-05-13 15:43:48 - watchfiles.main - INFO - 1 change detected
2026-05-13 15:43:48 - watchfiles.main - INFO - 1 change detected
2026-05-13 15:43:48 - watchfiles.main - INFO - 1 change detected
2026-05-13 15:43:49 - watchfiles.main - INFO - 1 change detected
2026-05-13 15:43:49 - watchfiles.main - INFO - 1 change detected
2026-05-13 15:43:50 - watchfiles.main - INFO - 1 change detected
2026-05-13 15:43:50 - watchfiles.main - INFO - 1 change detected
2026-05-13 15:43:51 - watchfiles.main - INFO - 1 change detected
2026-05-13 15:43:51 - watchfiles.main - INFO - 1 change detected
2026-05-13 15:43:51 - watchfiles.main - INFO - 1 change detected
2026-05-13 15:43:52 - watchfiles.main - INFO - 1 change detected
2026-05-13 15:43:52 - watchfiles.main - INFO - 1 change detected
2026-05-13 15:43:52 - watchfiles.main - INFO - 1 change detected
2026-05-13 15:43:53 - watchfiles.main - INFO - 1 change detected
2026-05-13 15:43:53 - watchfiles.main - INFO - 1 change detected
2026-05-13 15:43:54 - watchfiles.main - INFO - 1 change detected
2026-05-13 15:43:54 - watchfiles.main - INFO - 1 change detected
2026-05-13 15:43:55 - watchfiles.main - INFO - 1 change detected
2026-05-13 15:43:55 - watchfiles.main - INFO - 1 change detected
2026-05-13 15:43:56 - watchfiles.main - INFO - 1 change detected
2026-05-13 15:43:56 - watchfiles.main - INFO - 1 change detected
2026-05-13 15:43:56 - watchfiles.main - INFO - 1 change detected
2026-05-13 15:43:57 - watchfiles.main - INFO - 1 change detected
2026-05-13 15:43:57 - watchfiles.main - INFO - 1 change detected
2026-05-13 15:43:57 - watchfiles.main - INFO - 1 change detected
2026-05-13 15:43:58 - watchfiles.main - INFO - 1 change detected
2026-05-13 15:43:58 - watchfiles.main - INFO - 1 change detected
2026-05-13 15:43:59 - watchfiles.main - INFO - 1 change detected
2026-05-13 15:43:59 - watchfiles.main - INFO - 1 change detected
2026-05-13 15:43:59 - watchfiles.main - INFO - 1 change detected
2026-05-13 15:44:00 - watchfiles.main - INFO - 1 change detected
2026-05-13 15:44:00 - watchfiles.main - INFO - 1 change detected
2026-05-13 15:44:01 - watchfiles.main - INFO - 1 change detected
2026-05-13 15:44:01 - watchfiles.main - INFO - 1 change detected
2026-05-13 15:44:01 - watchfiles.main - INFO - 1 change detected
2026-05-13 15:44:02 - watchfiles.main - INFO - 1 change detected
2026-05-13 15:44:02 - watchfiles.main - INFO - 1 change detected
2026-05-13 15:44:03 - watchfiles.main - INFO - 1 change detected
2026-05-13 15:44:03 - watchfiles.main - INFO - 1 change detected
2026-05-13 15:44:03 - watchfiles.main - INFO - 1 change detected
2026-05-13 15:44:04 - watchfiles.main - INFO - 1 change detected
2026-05-13 15:44:04 - watchfiles.main - INFO - 1 change detected
2026-05-13 15:44:05 - watchfiles.main - INFO - 1 change detected
2026-05-13 15:44:05 - watchfiles.main - INFO - 1 change detected
2026-05-13 15:44:05 - watchfiles.main - INFO - 1 change detected
2026-05-13 15:44:06 - watchfiles.main - INFO - 1 change detected
2026-05-13 15:44:06 - watchfiles.main - INFO - 1 change detected
2026-05-13 15:44:07 - watchfiles.main - INFO - 1 change detected
2026-05-13 15:44:07 - watchfiles.main - INFO - 1 change detected
2026-05-13 15:44:07 - watchfiles.main - INFO - 1 change detected
2026-05-13 15:44:08 - watchfiles.main - INFO - 1 change detected
2026-05-13 15:44:08 - watchfiles.main - INFO - 1 change detected
2026-05-13 15:44:09 - watchfiles.main - INFO - 1 change detected
2026-05-13 15:44:09 - watchfiles.main - INFO - 1 change detected
2026-05-13 15:44:09 - watchfiles.main - INFO - 1 change detected
2026-05-13 15:44:10 - watchfiles.main - INFO - 1 change detected
2026-05-13 15:44:10 - watchfiles.main - INFO - 1 change detected
2026-05-13 15:44:10 - watchfiles.main - INFO - 1 change detected
2026-05-13 15:44:11 - watchfiles.main - INFO - 1 change detected
2026-05-13 15:44:11 - watchfiles.main - INFO - 1 change detected
2026-05-13 15:44:12 - watchfiles.main - INFO - 1 change detected
2026-05-13 15:44:12 - watchfiles.main - INFO - 1 change detected
2026-05-13 15:44:12 - watchfiles.main - INFO - 1 change detected
2026-05-13 15:44:13 - watchfiles.main - INFO - 1 change detected
2026-05-13 15:44:13 - watchfiles.main - INFO - 1 change detected
2026-05-13 15:44:14 - watchfiles.main - INFO - 1 change detected
2026-05-13 15:44:14 - watchfiles.main - INFO - 1 change detected
2026-05-13 15:44:14 - watchfiles.main - INFO - 1 change detected
2026-05-13 15:44:15 - watchfiles.main - INFO - 1 change detected
2026-05-13 15:44:15 - watchfiles.main - INFO - 1 change detected
2026-05-13 15:44:16 - watchfiles.main - INFO - 1 change detected
2026-05-13 15:44:16 - watchfiles.main - INFO - 1 change detected
2026-05-13 15:44:16 - watchfiles.main - INFO - 1 change detected
2026-05-13 15:44:17 - watchfiles.main - INFO - 1 change detected
2026-05-13 15:44:17 - watchfiles.main - INFO - 1 change detected
2026-05-13 15:44:18 - watchfiles.main - INFO - 1 change detected
2026-05-13 15:44:18 - watchfiles.main - INFO - 1 change detected
2026-05-13 15:44:18 - watchfiles.main - INFO - 1 change detected
2026-05-13 15:44:19 - watchfiles.main - INFO - 1 change detected
2026-05-13 15:44:19 - watchfiles.main - INFO - 1 change detected
2026-05-13 15:44:19 - watchfiles.main - INFO - 1 change detected
2026-05-13 15:44:20 - watchfiles.main - INFO - 1 change detected
2026-05-13 15:44:20 - watchfiles.main - INFO - 1 change detected
2026-05-13 15:44:21 - watchfiles.main - INFO - 1 change detected
2026-05-13 15:44:21 - watchfiles.main - INFO - 1 change detected
2026-05-13 15:44:21 - watchfiles.main - INFO - 1 change detected
2026-05-13 15:44:22 - watchfiles.main - INFO - 1 change detected
2026-05-13 15:44:22 - watchfiles.main - INFO - 1 change detected
2026-05-13 15:44:23 - watchfiles.main - INFO - 1 change detected
2026-05-13 15:44:23 - watchfiles.main - INFO - 1 change detected
2026-05-13 15:44:23 - watchfiles.main - INFO - 1 change detected
2026-05-13 15:44:24 - watchfiles.main - INFO - 1 change detected
2026-05-13 15:44:24 - watchfiles.main - INFO - 1 change detected
2026-05-13 15:44:25 - watchfiles.main - INFO - 1 change detected
2026-05-13 15:44:25 - watchfiles.main - INFO - 1 change detected
2026-05-13 15:44:26 - watchfiles.main - INFO - 1 change detected
2026-05-13 15:44:26 - watchfiles.main - INFO - 1 change detected
2026-05-13 15:44:26 - watchfiles.main - INFO - 1 change detected
2026-05-13 15:44:27 - watchfiles.main - INFO - 1 change detected
2026-05-13 15:44:27 - watchfiles.main - INFO - 1 change detected
2026-05-13 15:44:28 - watchfiles.main - INFO - 1 change detected
2026-05-13 15:44:28 - watchfiles.main - INFO - 1 change detected
2026-05-13 15:44:28 - watchfiles.main - INFO - 1 change detected
2026-05-13 15:44:29 - watchfiles.main - INFO - 1 change detected
2026-05-13 15:44:29 - watchfiles.main - INFO - 1 change detected
2026-05-13 15:44:30 - watchfiles.main - INFO - 1 change detected
2026-05-13 15:44:30 - watchfiles.main - INFO - 1 change detected
2026-05-13 15:44:31 - watchfiles.main - INFO - 1 change detected
2026-05-13 15:44:31 - watchfiles.main - INFO - 1 change detected
2026-05-13 15:44:32 - watchfiles.main - INFO - 1 change detected
2026-05-13 15:44:32 - watchfiles.main - INFO - 1 change detected
2026-05-13 15:44:32 - watchfiles.main - INFO - 1 change detected
2026-05-13 15:44:33 - watchfiles.main - INFO - 1 change detected
2026-05-13 15:44:33 - watchfiles.main - INFO - 1 change detected
2026-05-13 15:44:34 - watchfiles.main - INFO - 1 change detected
2026-05-13 15:44:34 - watchfiles.main - INFO - 1 change detected
2026-05-13 15:44:34 - watchfiles.main - INFO - 1 change detected
2026-05-13 15:44:35 - watchfiles.main - INFO - 1 change detected
2026-05-13 15:44:35 - watchfiles.main - INFO - 1 change detected
2026-05-13 15:44:36 - watchfiles.main - INFO - 1 change detected
2026-05-13 15:44:36 - watchfiles.main - INFO - 1 change detected
2026-05-13 15:44:37 - watchfiles.main - INFO - 1 change detected
2026-05-13 15:44:38 - watchfiles.main - INFO - 1 change detected
2026-05-13 15:45:36 - watchfiles.main - INFO - 1 change detected
2026-05-13 18:17:33 - watchfiles.main - INFO - 1 change detected
2026-05-13 18:17:34 - watchfiles.main - INFO - 2 changes detected
2026-05-13 18:17:34 - watchfiles.main - INFO - 1 change detected
2026-05-13 18:17:35 - watchfiles.main - INFO - 1 change detected
2026-05-13 18:17:35 - watchfiles.main - INFO - 1 change detected
2026-05-13 18:17:36 - watchfiles.main - INFO - 1 change detected
2026-05-13 18:17:36 - watchfiles.main - INFO - 1 change detected
2026-05-13 18:17:36 - watchfiles.main - INFO - 1 change detected
2026-05-13 18:17:37 - watchfiles.main - INFO - 1 change detected
2026-05-13 18:17:37 - watchfiles.main - INFO - 1 change detected
2026-05-13 18:17:38 - watchfiles.main - INFO - 1 change detected
2026-05-13 18:17:38 - watchfiles.main - INFO - 1 change detected
2026-05-13 18:17:38 - watchfiles.main - INFO - 1 change detected
2026-05-13 18:17:39 - watchfiles.main - INFO - 1 change detected
2026-05-13 18:17:39 - watchfiles.main - INFO - 1 change detected
2026-05-13 18:17:39 - watchfiles.main - INFO - 1 change detected
2026-05-13 18:17:40 - watchfiles.main - INFO - 1 change detected
2026-05-13 18:17:40 - watchfiles.main - INFO - 1 change detected
2026-05-13 18:17:40 - watchfiles.main - INFO - 1 change detected
2026-05-13 18:17:41 - watchfiles.main - INFO - 1 change detected
2026-05-13 18:17:41 - watchfiles.main - INFO - 1 change detected
2026-05-13 18:17:42 - watchfiles.main - INFO - 1 change detected
2026-05-13 18:17:42 - watchfiles.main - INFO - 1 change detected
2026-05-13 18:17:42 - watchfiles.main - INFO - 1 change detected
2026-05-13 18:17:43 - watchfiles.main - INFO - 1 change detected
2026-05-13 18:17:43 - watchfiles.main - INFO - 1 change detected
2026-05-13 18:17:43 - watchfiles.main - INFO - 1 change detected
2026-05-13 18:17:44 - watchfiles.main - INFO - 1 change detected
2026-05-13 18:17:44 - watchfiles.main - INFO - 1 change detected
2026-05-13 18:17:45 - watchfiles.main - INFO - 1 change detected
2026-05-13 18:17:45 - watchfiles.main - INFO - 1 change detected
2026-05-13 18:17:45 - watchfiles.main - INFO - 1 change detected
2026-05-13 18:17:46 - watchfiles.main - INFO - 1 change detected
2026-05-13 18:17:46 - watchfiles.main - INFO - 1 change detected
2026-05-13 18:17:46 - watchfiles.main - INFO - 1 change detected
2026-05-13 18:17:47 - watchfiles.main - INFO - 1 change detected
2026-05-13 18:17:47 - watchfiles.main - INFO - 1 change detected
2026-05-13 18:17:47 - watchfiles.main - INFO - 1 change detected
2026-05-13 18:17:48 - watchfiles.main - INFO - 1 change detected
2026-05-13 18:17:48 - watchfiles.main - INFO - 1 change detected
2026-05-13 18:17:49 - watchfiles.main - INFO - 1 change detected
2026-05-13 18:17:49 - watchfiles.main - INFO - 1 change detected
2026-05-13 18:17:49 - watchfiles.main - INFO - 1 change detected
2026-05-13 18:17:50 - watchfiles.main - INFO - 1 change detected
2026-05-13 18:17:50 - watchfiles.main - INFO - 1 change detected
2026-05-13 18:17:50 - watchfiles.main - INFO - 1 change detected
2026-05-13 18:17:51 - watchfiles.main - INFO - 1 change detected
2026-05-13 18:17:51 - watchfiles.main - INFO - 1 change detected
2026-05-13 18:17:52 - watchfiles.main - INFO - 1 change detected
2026-05-13 18:17:52 - watchfiles.main - INFO - 1 change detected
2026-05-13 18:17:52 - watchfiles.main - INFO - 1 change detected
2026-05-13 18:17:53 - watchfiles.main - INFO - 1 change detected
2026-05-13 18:17:53 - watchfiles.main - INFO - 1 change detected
2026-05-13 18:17:54 - watchfiles.main - INFO - 1 change detected
2026-05-13 18:17:54 - watchfiles.main - INFO - 1 change detected
2026-05-13 18:17:55 - watchfiles.main - INFO - 1 change detected
2026-05-13 18:17:55 - watchfiles.main - INFO - 1 change detected
2026-05-13 18:17:55 - watchfiles.main - INFO - 1 change detected
2026-05-13 18:17:56 - watchfiles.main - INFO - 1 change detected
2026-05-13 18:17:56 - watchfiles.main - INFO - 1 change detected
2026-05-13 18:17:56 - watchfiles.main - INFO - 1 change detected
2026-05-13 18:17:57 - watchfiles.main - INFO - 1 change detected
2026-05-13 18:17:57 - watchfiles.main - INFO - 1 change detected
2026-05-13 18:17:58 - watchfiles.main - INFO - 1 change detected
2026-05-13 18:17:58 - watchfiles.main - INFO - 1 change detected
2026-05-13 18:17:58 - watchfiles.main - INFO - 1 change detected
2026-05-13 18:17:59 - watchfiles.main - INFO - 1 change detected
2026-05-13 18:17:59 - watchfiles.main - INFO - 1 change detected
2026-05-13 18:17:59 - watchfiles.main - INFO - 1 change detected
2026-05-13 18:18:00 - watchfiles.main - INFO - 1 change detected
2026-05-13 18:18:00 - watchfiles.main - INFO - 1 change detected
2026-05-13 18:18:01 - watchfiles.main - INFO - 1 change detected
2026-05-13 18:18:01 - watchfiles.main - INFO - 1 change detected
2026-05-13 18:18:01 - watchfiles.main - INFO - 1 change detected
2026-05-13 18:18:02 - watchfiles.main - INFO - 1 change detected
2026-05-13 18:18:02 - watchfiles.main - INFO - 1 change detected
2026-05-13 18:18:02 - watchfiles.main - INFO - 1 change detected
2026-05-13 18:18:03 - watchfiles.main - INFO - 1 change detected
2026-05-13 18:18:03 - watchfiles.main - INFO - 1 change detected
2026-05-13 18:18:04 - watchfiles.main - INFO - 1 change detected
2026-05-13 18:18:04 - watchfiles.main - INFO - 1 change detected
2026-05-13 18:18:04 - watchfiles.main - INFO - 1 change detected
2026-05-13 18:18:05 - watchfiles.main - INFO - 1 change detected
2026-05-13 18:18:05 - watchfiles.main - INFO - 1 change detected
2026-05-13 18:18:05 - watchfiles.main - INFO - 1 change detected
2026-05-13 18:18:06 - watchfiles.main - INFO - 1 change detected
2026-05-13 18:18:06 - watchfiles.main - INFO - 1 change detected
2026-05-13 18:18:06 - watchfiles.main - INFO - 1 change detected
2026-05-13 18:18:07 - watchfiles.main - INFO - 1 change detected
2026-05-13 18:18:07 - watchfiles.main - INFO - 1 change detected
2026-05-13 18:18:08 - watchfiles.main - INFO - 1 change detected
2026-05-13 18:18:08 - watchfiles.main - INFO - 1 change detected
2026-05-13 18:18:08 - watchfiles.main - INFO - 1 change detected
2026-05-13 18:18:09 - watchfiles.main - INFO - 1 change detected
2026-05-13 18:18:09 - watchfiles.main - INFO - 1 change detected
2026-05-13 18:18:10 - watchfiles.main - INFO - 1 change detected
2026-05-13 18:18:10 - watchfiles.main - INFO - 1 change detected
2026-05-13 18:18:10 - watchfiles.main - INFO - 1 change detected
2026-05-13 18:18:11 - watchfiles.main - INFO - 1 change detected
2026-05-13 18:18:11 - watchfiles.main - INFO - 1 change detected
2026-05-13 18:18:11 - watchfiles.main - INFO - 1 change detected
2026-05-13 18:18:12 - watchfiles.main - INFO - 1 change detected
2026-05-13 18:18:12 - watchfiles.main - INFO - 1 change detected
2026-05-13 18:18:13 - watchfiles.main - INFO - 1 change detected
2026-05-13 18:18:13 - watchfiles.main - INFO - 1 change detected
2026-05-13 18:18:13 - watchfiles.main - INFO - 1 change detected
2026-05-13 18:18:14 - watchfiles.main - INFO - 1 change detected
2026-05-13 18:18:14 - watchfiles.main - INFO - 1 change detected
2026-05-13 18:18:14 - watchfiles.main - INFO - 1 change detected
2026-05-13 18:18:15 - watchfiles.main - INFO - 1 change detected
2026-05-13 18:18:15 - watchfiles.main - INFO - 1 change detected
2026-05-13 18:18:15 - watchfiles.main - INFO - 1 change detected
2026-05-13 18:18:16 - watchfiles.main - INFO - 1 change detected
2026-05-13 18:18:16 - watchfiles.main - INFO - 1 change detected
2026-05-13 18:18:17 - watchfiles.main - INFO - 1 change detected
2026-05-13 18:18:17 - watchfiles.main - INFO - 1 change detected
2026-05-13 18:18:17 - watchfiles.main - INFO - 1 change detected
2026-05-13 18:18:18 - watchfiles.main - INFO - 1 change detected
2026-05-13 18:18:18 - watchfiles.main - INFO - 1 change detected
2026-05-13 18:18:19 - watchfiles.main - INFO - 1 change detected
2026-05-13 18:18:19 - watchfiles.main - INFO - 1 change detected
2026-05-13 18:18:19 - watchfiles.main - INFO - 1 change detected
2026-05-13 18:18:20 - watchfiles.main - INFO - 1 change detected
2026-05-13 18:18:20 - watchfiles.main - INFO - 1 change detected
2026-05-13 18:18:21 - watchfiles.main - INFO - 1 change detected
2026-05-13 18:18:21 - watchfiles.main - INFO - 1 change detected
2026-05-13 18:18:21 - watchfiles.main - INFO - 1 change detected
2026-05-13 18:18:22 - watchfiles.main - INFO - 1 change detected
2026-05-13 18:18:22 - watchfiles.main - INFO - 1 change detected
2026-05-13 18:18:22 - watchfiles.main - INFO - 1 change detected
2026-05-13 18:18:23 - watchfiles.main - INFO - 1 change detected
2026-05-13 18:18:23 - watchfiles.main - INFO - 1 change detected
2026-05-13 18:18:24 - watchfiles.main - INFO - 1 change detected
2026-05-13 18:18:24 - watchfiles.main - INFO - 1 change detected
2026-05-13 18:18:24 - watchfiles.main - INFO - 1 change detected
2026-05-13 18:18:25 - watchfiles.main - INFO - 1 change detected
2026-05-13 18:18:25 - watchfiles.main - INFO - 1 change detected
2026-05-13 18:18:25 - watchfiles.main - INFO - 1 change detected
2026-05-13 18:18:26 - watchfiles.main - INFO - 1 change detected
2026-05-13 18:18:26 - watchfiles.main - INFO - 1 change detected
2026-05-13 18:18:26 - watchfiles.main - INFO - 1 change detected
2026-05-13 18:18:27 - watchfiles.main - INFO - 1 change detected
2026-05-13 18:18:27 - watchfiles.main - INFO - 1 change detected
2026-05-13 18:18:28 - watchfiles.main - INFO - 1 change detected
2026-05-13 18:18:28 - watchfiles.main - INFO - 1 change detected
2026-05-13 18:18:28 - watchfiles.main - INFO - 1 change detected
2026-05-13 18:18:29 - watchfiles.main - INFO - 1 change detected
2026-05-13 18:18:29 - watchfiles.main - INFO - 1 change detected
2026-05-13 18:18:29 - watchfiles.main - INFO - 1 change detected
2026-05-13 18:18:30 - watchfiles.main - INFO - 1 change detected
2026-05-13 18:18:30 - watchfiles.main - INFO - 1 change detected
2026-05-13 18:18:30 - watchfiles.main - INFO - 1 change detected
2026-05-13 18:18:31 - watchfiles.main - INFO - 1 change detected
2026-05-13 18:18:31 - watchfiles.main - INFO - 1 change detected
2026-05-13 18:18:32 - watchfiles.main - INFO - 1 change detected
2026-05-13 18:18:32 - watchfiles.main - INFO - 1 change detected
2026-05-13 18:18:32 - watchfiles.main - INFO - 1 change detected
2026-05-13 18:18:33 - watchfiles.main - INFO - 1 change detected
2026-05-13 18:18:33 - watchfiles.main - INFO - 1 change detected
2026-05-13 18:18:33 - watchfiles.main - INFO - 1 change detected
2026-05-13 18:18:34 - watchfiles.main - INFO - 1 change detected
2026-05-13 18:18:34 - watchfiles.main - INFO - 1 change detected
2026-05-13 18:18:35 - watchfiles.main - INFO - 1 change detected
2026-05-13 18:18:35 - watchfiles.main - INFO - 1 change detected
2026-05-13 18:18:35 - watchfiles.main - INFO - 1 change detected
2026-05-13 18:18:36 - watchfiles.main - INFO - 1 change detected
2026-05-13 18:18:36 - watchfiles.main - INFO - 1 change detected
2026-05-13 18:18:36 - watchfiles.main - INFO - 1 change detected
2026-05-13 18:18:37 - watchfiles.main - INFO - 1 change detected
2026-05-13 18:18:37 - watchfiles.main - INFO - 1 change detected
2026-05-13 18:18:37 - watchfiles.main - INFO - 1 change detected
2026-05-13 18:18:38 - watchfiles.main - INFO - 1 change detected
2026-05-13 18:18:38 - watchfiles.main - INFO - 1 change detected
2026-05-13 18:18:38 - main - INFO - ================================================================================
2026-05-13 18:18:38 - main - INFO - Starting AI Video Generator API...
2026-05-13 18:18:38 - main - INFO - ================================================================================
2026-05-13 18:18:38 - main - INFO - [Startup] Configuration:
2026-05-13 18:18:38 - main - INFO -   - Host: 0.0.0.0
2026-05-13 18:18:38 - main - INFO -   - Port: 8000
2026-05-13 18:18:38 - main - INFO -   - Debug Mode: True
2026-05-13 18:18:38 - main - INFO -   - Log Level: INFO
2026-05-13 18:18:38 - main - INFO -   - Allowed Origins: 4 origins
2026-05-13 18:18:38 - main - INFO - [Startup] Validating environment variables...
2026-05-13 18:18:38 - watchfiles.main - INFO - 1 change detected
2026-05-13 18:18:39 - watchfiles.main - INFO - 1 change detected
2026-05-13 18:18:39 - watchfiles.main - INFO - 1 change detected
2026-05-13 18:18:40 - watchfiles.main - INFO - 1 change detected
2026-05-13 18:18:40 - watchfiles.main - INFO - 1 change detected
2026-05-13 18:18:40 - watchfiles.main - INFO - 1 change detected
2026-05-13 18:18:41 - watchfiles.main - INFO - 1 change detected
2026-05-13 18:18:41 - watchfiles.main - INFO - 1 change detected
2026-05-13 18:18:41 - watchfiles.main - INFO - 1 change detected
2026-05-13 18:18:42 - watchfiles.main - INFO - 1 change detected
2026-05-13 18:18:42 - watchfiles.main - INFO - 1 change detected
2026-05-13 18:18:42 - watchfiles.main - INFO - 1 change detected
2026-05-13 18:18:43 - watchfiles.main - INFO - 1 change detected
2026-05-13 18:18:43 - watchfiles.main - INFO - 1 change detected
2026-05-13 18:18:44 - watchfiles.main - INFO - 1 change detected
2026-05-13 18:18:44 - watchfiles.main - INFO - 1 change detected
2026-05-13 18:18:44 - watchfiles.main - INFO - 1 change detected
2026-05-13 18:18:45 - watchfiles.main - INFO - 1 change detected
2026-05-13 18:18:45 - watchfiles.main - INFO - 1 change detected
2026-05-13 18:18:45 - watchfiles.main - INFO - 1 change detected
2026-05-13 18:18:46 - watchfiles.main - INFO - 1 change detected
2026-05-13 18:18:46 - watchfiles.main - INFO - 1 change detected
2026-05-13 18:18:47 - watchfiles.main - INFO - 1 change detected
2026-05-13 18:18:47 - watchfiles.main - INFO - 1 change detected
2026-05-13 18:18:47 - watchfiles.main - INFO - 1 change detected
2026-05-13 18:18:48 - watchfiles.main - INFO - 1 change detected
2026-05-13 18:18:48 - watchfiles.main - INFO - 1 change detected
2026-05-13 18:18:48 - watchfiles.main - INFO - 1 change detected
2026-05-13 18:18:49 - watchfiles.main - INFO - 1 change detected
2026-05-13 18:18:49 - watchfiles.main - INFO - 1 change detected
2026-05-13 18:18:49 - watchfiles.main - INFO - 1 change detected
2026-05-13 18:18:50 - watchfiles.main - INFO - 1 change detected
2026-05-13 18:18:50 - watchfiles.main - INFO - 1 change detected
2026-05-13 18:18:51 - watchfiles.main - INFO - 1 change detected
2026-05-13 18:18:51 - watchfiles.main - INFO - 1 change detected
2026-05-13 18:18:51 - watchfiles.main - INFO - 1 change detected
2026-05-13 18:18:52 - watchfiles.main - INFO - 1 change detected
2026-05-13 18:18:52 - watchfiles.main - INFO - 1 change detected
2026-05-13 18:18:52 - watchfiles.main - INFO - 1 change detected
2026-05-13 18:18:53 - watchfiles.main - INFO - 1 change detected
2026-05-13 18:18:53 - watchfiles.main - INFO - 1 change detected
2026-05-13 18:18:54 - watchfiles.main - INFO - 1 change detected
2026-05-13 18:18:54 - watchfiles.main - INFO - 1 change detected
2026-05-13 18:18:54 - watchfiles.main - INFO - 1 change detected
2026-05-13 18:18:55 - watchfiles.main - INFO - 1 change detected
2026-05-13 18:18:55 - watchfiles.main - INFO - 1 change detected
2026-05-13 18:18:55 - watchfiles.main - INFO - 1 change detected
2026-05-13 18:18:56 - watchfiles.main - INFO - 1 change detected
2026-05-13 18:18:56 - watchfiles.main - INFO - 1 change detected
2026-05-13 18:18:56 - watchfiles.main - INFO - 1 change detected
2026-05-13 18:18:57 - watchfiles.main - INFO - 1 change detected
2026-05-13 18:18:57 - watchfiles.main - INFO - 1 change detected
2026-05-13 18:18:58 - watchfiles.main - INFO - 1 change detected
2026-05-13 18:18:58 - watchfiles.main - INFO - 1 change detected
2026-05-13 18:18:58 - watchfiles.main - INFO - 1 change detected
2026-05-13 18:18:59 - watchfiles.main - INFO - 1 change detected
2026-05-13 18:18:59 - watchfiles.main - INFO - 1 change detected
2026-05-13 18:18:59 - watchfiles.main - INFO - 1 change detected
2026-05-13 18:19:00 - watchfiles.main - INFO - 1 change detected
2026-05-13 18:19:00 - watchfiles.main - INFO - 1 change detected
2026-05-13 18:19:00 - watchfiles.main - INFO - 1 change detected
2026-05-13 18:19:01 - watchfiles.main - INFO - 1 change detected
2026-05-13 18:19:01 - watchfiles.main - INFO - 1 change detected
2026-05-13 18:19:02 - watchfiles.main - INFO - 1 change detected
2026-05-13 18:19:02 - watchfiles.main - INFO - 1 change detected
2026-05-13 18:19:02 - watchfiles.main - INFO - 1 change detected
2026-05-13 18:19:03 - watchfiles.main - INFO - 1 change detected
2026-05-13 18:19:03 - watchfiles.main - INFO - 1 change detected
2026-05-13 18:19:03 - watchfiles.main - INFO - 1 change detected
2026-05-13 18:19:04 - watchfiles.main - INFO - 1 change detected
2026-05-13 18:19:04 - watchfiles.main - INFO - 1 change detected
2026-05-13 18:19:05 - watchfiles.main - INFO - 1 change detected
2026-05-13 18:19:05 - watchfiles.main - INFO - 1 change detected
2026-05-13 18:19:05 - watchfiles.main - INFO - 1 change detected
2026-05-13 18:19:06 - watchfiles.main - INFO - 1 change detected
2026-05-13 18:19:06 - watchfiles.main - INFO - 1 change detected
2026-05-13 18:19:06 - watchfiles.main - INFO - 1 change detected
2026-05-13 18:19:07 - watchfiles.main - INFO - 1 change detected
2026-05-13 18:19:07 - watchfiles.main - INFO - 1 change detected
2026-05-13 18:19:07 - watchfiles.main - INFO - 1 change detected
2026-05-13 18:19:08 - watchfiles.main - INFO - 1 change detected
2026-05-13 18:19:08 - watchfiles.main - INFO - 1 change detected
2026-05-13 18:19:09 - watchfiles.main - INFO - 1 change detected
2026-05-13 18:19:09 - watchfiles.main - INFO - 1 change detected
2026-05-13 18:19:09 - watchfiles.main - INFO - 1 change detected
2026-05-13 18:19:10 - watchfiles.main - INFO - 1 change detected
2026-05-13 18:19:10 - watchfiles.main - INFO - 1 change detected
2026-05-13 18:19:10 - watchfiles.main - INFO - 1 change detected
2026-05-13 18:19:11 - watchfiles.main - INFO - 1 change detected
2026-05-13 18:19:11 - watchfiles.main - INFO - 1 change detected
2026-05-13 18:19:11 - watchfiles.main - INFO - 1 change detected
2026-05-13 18:19:12 - watchfiles.main - INFO - 1 change detected
2026-05-13 18:19:12 - watchfiles.main - INFO - 1 change detected
2026-05-13 18:19:13 - watchfiles.main - INFO - 1 change detected
2026-05-13 18:19:13 - watchfiles.main - INFO - 1 change detected
2026-05-13 18:19:13 - watchfiles.main - INFO - 1 change detected
2026-05-13 18:19:14 - watchfiles.main - INFO - 1 change detected
2026-05-13 18:19:14 - watchfiles.main - INFO - 1 change detected
2026-05-13 18:19:14 - watchfiles.main - INFO - 1 change detected
2026-05-13 18:19:15 - watchfiles.main - INFO - 1 change detected
2026-05-13 18:19:15 - watchfiles.main - INFO - 1 change detected
2026-05-13 18:19:15 - watchfiles.main - INFO - 1 change detected
2026-05-13 18:19:16 - watchfiles.main - INFO - 1 change detected
2026-05-13 18:19:16 - watchfiles.main - INFO - 1 change detected
2026-05-13 18:19:17 - watchfiles.main - INFO - 1 change detected
2026-05-13 18:19:17 - watchfiles.main - INFO - 1 change detected
2026-05-13 18:19:17 - watchfiles.main - INFO - 1 change detected
2026-05-13 18:19:18 - watchfiles.main - INFO - 1 change detected
2026-05-13 18:19:18 - watchfiles.main - INFO - 1 change detected
2026-05-13 18:19:19 - watchfiles.main - INFO - 1 change detected
2026-05-13 18:19:19 - watchfiles.main - INFO - 1 change detected
2026-05-13 18:19:19 - watchfiles.main - INFO - 1 change detected
2026-05-13 18:19:20 - watchfiles.main - INFO - 1 change detected
2026-05-13 18:19:20 - watchfiles.main - INFO - 1 change detected
2026-05-13 18:19:21 - watchfiles.main - INFO - 1 change detected
2026-05-13 18:19:21 - watchfiles.main - INFO - 1 change detected
2026-05-13 18:19:21 - watchfiles.main - INFO - 1 change detected
2026-05-13 18:19:22 - watchfiles.main - INFO - 1 change detected
2026-05-13 18:19:22 - watchfiles.main - INFO - 1 change detected
2026-05-13 18:19:22 - watchfiles.main - INFO - 1 change detected
2026-05-13 18:19:23 - watchfiles.main - INFO - 1 change detected
2026-05-13 18:19:23 - watchfiles.main - INFO - 1 change detected
2026-05-13 18:19:24 - watchfiles.main - INFO - 1 change detected
2026-05-13 18:19:24 - watchfiles.main - INFO - 1 change detected
2026-05-13 18:19:24 - watchfiles.main - INFO - 1 change detected
2026-05-13 18:19:25 - watchfiles.main - INFO - 1 change detected
2026-05-13 18:19:25 - watchfiles.main - INFO - 1 change detected
2026-05-13 18:19:25 - watchfiles.main - INFO - 1 change detected
2026-05-13 18:19:26 - watchfiles.main - INFO - 1 change detected
2026-05-13 18:19:26 - watchfiles.main - INFO - 1 change detected
2026-05-13 18:19:26 - watchfiles.main - INFO - 1 change detected
2026-05-13 18:19:27 - watchfiles.main - INFO - 1 change detected
2026-05-13 18:19:27 - watchfiles.main - INFO - 1 change detected
2026-05-13 18:19:28 - watchfiles.main - INFO - 1 change detected
2026-05-13 18:19:28 - watchfiles.main - INFO - 1 change detected
2026-05-13 18:19:28 - watchfiles.main - INFO - 1 change detected
2026-05-13 18:19:29 - watchfiles.main - INFO - 1 change detected
2026-05-13 18:19:29 - watchfiles.main - INFO - 1 change detected
2026-05-13 18:19:29 - watchfiles.main - INFO - 1 change detected
2026-05-13 18:19:30 - watchfiles.main - INFO - 1 change detected
2026-05-13 18:19:30 - watchfiles.main - INFO - 1 change detected
2026-05-13 18:19:30 - watchfiles.main - INFO - 1 change detected
2026-05-13 18:19:31 - watchfiles.main - INFO - 1 change detected
2026-05-13 18:19:31 - watchfiles.main - INFO - 1 change detected
2026-05-13 18:19:32 - watchfiles.main - INFO - 1 change detected
2026-05-13 18:19:32 - watchfiles.main - INFO - 1 change detected
2026-05-13 18:19:33 - watchfiles.main - INFO - 1 change detected
2026-05-13 18:19:33 - watchfiles.main - INFO - 1 change detected
2026-05-13 18:19:33 - watchfiles.main - INFO - 1 change detected
2026-05-13 18:19:34 - watchfiles.main - INFO - 1 change detected
2026-05-13 18:19:34 - watchfiles.main - INFO - 1 change detected
2026-05-13 18:19:34 - watchfiles.main - INFO - 1 change detected
2026-05-13 18:19:35 - watchfiles.main - INFO - 1 change detected
2026-05-13 18:19:35 - watchfiles.main - INFO - 1 change detected
2026-05-13 18:19:35 - watchfiles.main - INFO - 1 change detected
2026-05-13 18:19:36 - watchfiles.main - INFO - 1 change detected
2026-05-13 18:19:36 - watchfiles.main - INFO - 1 change detected
2026-05-13 18:19:36 - watchfiles.main - INFO - 1 change detected
2026-05-13 18:19:37 - watchfiles.main - INFO - 1 change detected
2026-05-13 18:19:37 - watchfiles.main - INFO - 1 change detected
2026-05-13 18:19:38 - watchfiles.main - INFO - 1 change detected
2026-05-13 18:19:38 - watchfiles.main - INFO - 1 change detected
2026-05-13 18:19:38 - watchfiles.main - INFO - 1 change detected
2026-05-13 18:19:39 - watchfiles.main - INFO - 1 change detected
2026-05-13 18:19:39 - watchfiles.main - INFO - 1 change detected
2026-05-13 18:19:39 - watchfiles.main - INFO - 1 change detected
2026-05-13 18:19:40 - watchfiles.main - INFO - 1 change detected
2026-05-13 18:19:40 - watchfiles.main - INFO - 1 change detected
2026-05-13 18:19:40 - watchfiles.main - INFO - 1 change detected
2026-05-13 18:19:41 - watchfiles.main - INFO - 1 change detected
2026-05-13 18:19:41 - watchfiles.main - INFO - 1 change detected
2026-05-13 18:19:42 - watchfiles.main - INFO - 1 change detected
2026-05-13 18:19:42 - watchfiles.main - INFO - 1 change detected
2026-05-13 18:19:42 - watchfiles.main - INFO - 1 change detected
2026-05-13 18:19:43 - watchfiles.main - INFO - 1 change detected
2026-05-13 18:19:43 - watchfiles.main - INFO - 1 change detected
2026-05-13 18:19:44 - watchfiles.main - INFO - 1 change detected
2026-05-13 18:19:44 - watchfiles.main - INFO - 1 change detected
2026-05-13 18:19:44 - watchfiles.main - INFO - 1 change detected
2026-05-13 18:19:45 - watchfiles.main - INFO - 1 change detected
2026-05-13 18:19:45 - watchfiles.main - INFO - 1 change detected
2026-05-13 18:19:45 - watchfiles.main - INFO - 1 change detected
2026-05-13 18:19:46 - watchfiles.main - INFO - 1 change detected
2026-05-13 18:19:46 - watchfiles.main - INFO - 1 change detected
2026-05-13 18:19:47 - watchfiles.main - INFO - 1 change detected
2026-05-13 18:19:47 - watchfiles.main - INFO - 1 change detected
2026-05-13 18:19:47 - watchfiles.main - INFO - 1 change detected
2026-05-13 18:19:48 - watchfiles.main - INFO - 1 change detected
2026-05-13 18:19:48 - watchfiles.main - INFO - 1 change detected
2026-05-13 18:19:48 - watchfiles.main - INFO - 1 change detected
2026-05-13 18:19:49 - watchfiles.main - INFO - 1 change detected
2026-05-13 18:19:49 - watchfiles.main - INFO - 1 change detected
2026-05-13 18:19:50 - watchfiles.main - INFO - 1 change detected
2026-05-13 18:19:50 - watchfiles.main - INFO - 1 change detected
2026-05-13 18:19:50 - watchfiles.main - INFO - 1 change detected
2026-05-13 18:19:51 - watchfiles.main - INFO - 1 change detected
2026-05-13 18:19:51 - watchfiles.main - INFO - 2 changes detected
2026-05-13 18:19:52 - watchfiles.main - INFO - 1 change detected
2026-05-13 18:19:52 - watchfiles.main - INFO - 1 change detected
2026-05-13 18:19:53 - watchfiles.main - INFO - 1 change detected
2026-05-13 18:19:53 - watchfiles.main - INFO - 1 change detected
2026-05-13 18:19:53 - watchfiles.main - INFO - 1 change detected
2026-05-13 18:19:54 - watchfiles.main - INFO - 6 changes detected
2026-05-13 18:19:54 - watchfiles.main - INFO - 1 change detected
2026-05-13 18:19:54 - watchfiles.main - INFO - 1 change detected
2026-05-13 18:19:55 - watchfiles.main - INFO - 1 change detected
2026-05-13 18:19:55 - watchfiles.main - INFO - 1 change detected
2026-05-13 18:19:56 - watchfiles.main - INFO - 1 change detected
2026-05-13 18:19:56 - watchfiles.main - INFO - 1 change detected
2026-05-13 18:19:56 - main - INFO - ================================================================================
2026-05-13 18:19:56 - main - INFO - Starting AI Video Generator API...
2026-05-13 18:19:56 - main - INFO - ================================================================================
2026-05-13 18:19:56 - main - INFO - [Startup] Configuration:
2026-05-13 18:19:56 - main - INFO -   - Host: 0.0.0.0
2026-05-13 18:19:56 - main - INFO -   - Port: 8000
2026-05-13 18:19:56 - main - INFO -   - Debug Mode: True
2026-05-13 18:19:56 - main - INFO -   - Log Level: INFO
2026-05-13 18:19:56 - main - INFO -   - Allowed Origins: 4 origins
2026-05-13 18:19:56 - main - INFO - [Startup] Validating environment variables...
2026-05-13 18:19:56 - watchfiles.main - INFO - 1 change detected
2026-05-13 18:19:56 - main - INFO - ================================================================================
2026-05-13 18:19:57 - main - INFO - Starting AI Video Generator API...
2026-05-13 18:19:57 - main - INFO - ================================================================================
2026-05-13 18:19:57 - main - INFO - [Startup] Configuration:
2026-05-13 18:19:57 - main - INFO -   - Host: 0.0.0.0
2026-05-13 18:19:57 - main - INFO -   - Port: 8000
2026-05-13 18:19:57 - main - INFO -   - Debug Mode: True
2026-05-13 18:19:57 - main - INFO -   - Log Level: INFO
2026-05-13 18:19:57 - main - INFO -   - Allowed Origins: 4 origins
2026-05-13 18:19:57 - main - INFO - [Startup] Validating environment variables...
2026-05-13 18:19:57 - watchfiles.main - INFO - 1 change detected
2026-05-13 18:19:57 - watchfiles.main - INFO - 1 change detected
2026-05-13 18:19:57 - watchfiles.main - INFO - 1 change detected
2026-05-13 18:19:58 - watchfiles.main - INFO - 1 change detected
2026-05-13 18:19:58 - watchfiles.main - INFO - 1 change detected
2026-05-13 18:19:58 - watchfiles.main - INFO - 1 change detected
2026-05-13 18:19:59 - watchfiles.main - INFO - 1 change detected
2026-05-13 18:19:59 - watchfiles.main - INFO - 1 change detected
2026-05-13 18:20:00 - watchfiles.main - INFO - 1 change detected
2026-05-13 18:20:00 - watchfiles.main - INFO - 1 change detected
2026-05-13 18:20:00 - watchfiles.main - INFO - 1 change detected
2026-05-13 18:20:01 - watchfiles.main - INFO - 1 change detected
2026-05-13 18:20:01 - watchfiles.main - INFO - 1 change detected
2026-05-13 18:20:02 - watchfiles.main - INFO - 1 change detected
2026-05-13 18:20:02 - watchfiles.main - INFO - 1 change detected
2026-05-13 18:20:02 - watchfiles.main - INFO - 1 change detected
2026-05-13 18:20:03 - watchfiles.main - INFO - 1 change detected
2026-05-13 18:20:03 - watchfiles.main - INFO - 1 change detected
2026-05-13 18:20:04 - watchfiles.main - INFO - 1 change detected
2026-05-13 18:20:04 - watchfiles.main - INFO - 1 change detected
2026-05-13 18:20:04 - watchfiles.main - INFO - 1 change detected
2026-05-13 18:20:05 - watchfiles.main - INFO - 1 change detected
2026-05-13 18:20:05 - watchfiles.main - INFO - 1 change detected
2026-05-13 18:20:06 - watchfiles.main - INFO - 1 change detected
2026-05-13 18:20:06 - watchfiles.main - INFO - 2 changes detected
2026-05-13 18:20:06 - watchfiles.main - INFO - 1 change detected
2026-05-13 18:20:07 - watchfiles.main - INFO - 1 change detected
2026-05-13 18:20:07 - watchfiles.main - INFO - 1 change detected
2026-05-13 18:20:07 - watchfiles.main - INFO - 1 change detected
2026-05-13 18:20:08 - watchfiles.main - INFO - 1 change detected
2026-05-13 18:20:08 - watchfiles.main - INFO - 1 change detected
2026-05-13 18:20:09 - watchfiles.main - INFO - 1 change detected
2026-05-13 18:20:09 - watchfiles.main - INFO - 2 changes detected
2026-05-13 18:20:09 - watchfiles.main - INFO - 1 change detected
2026-05-13 18:20:10 - watchfiles.main - INFO - 1 change detected
2026-05-13 18:20:10 - watchfiles.main - INFO - 1 change detected
2026-05-13 18:20:11 - watchfiles.main - INFO - 1 change detected
2026-05-13 18:20:11 - watchfiles.main - INFO - 6 changes detected
2026-05-13 18:20:11 - watchfiles.main - INFO - 1 change detected
2026-05-13 18:20:12 - watchfiles.main - INFO - 1 change detected
2026-05-13 18:20:12 - watchfiles.main - INFO - 1 change detected
2026-05-13 18:20:12 - watchfiles.main - INFO - 1 change detected
2026-05-13 18:20:13 - watchfiles.main - INFO - 1 change detected
2026-05-13 18:20:13 - watchfiles.main - INFO - 2 changes detected
2026-05-13 18:20:13 - main - INFO - ================================================================================
2026-05-13 18:20:13 - main - INFO - Starting AI Video Generator API...
2026-05-13 18:20:13 - main - INFO - ================================================================================
2026-05-13 18:20:13 - main - INFO - [Startup] Configuration:
2026-05-13 18:20:13 - main - INFO -   - Host: 0.0.0.0
2026-05-13 18:20:13 - main - INFO -   - Port: 8000
2026-05-13 18:20:13 - main - INFO -   - Debug Mode: True
2026-05-13 18:20:13 - main - INFO -   - Log Level: INFO
2026-05-13 18:20:13 - main - INFO -   - Allowed Origins: 4 origins
2026-05-13 18:20:13 - main - INFO - [Startup] Validating environment variables...
2026-05-13 18:20:14 - watchfiles.main - INFO - 1 change detected
2026-05-13 18:20:15 - watchfiles.main - INFO - 5 changes detected
2026-05-13 18:20:16 - watchfiles.main - INFO - 1 change detected
2026-05-13 18:20:16 - watchfiles.main - INFO - 1 change detected
2026-05-13 18:20:17 - watchfiles.main - INFO - 1 change detected
2026-05-13 18:20:17 - watchfiles.main - INFO - 1 change detected
2026-05-13 18:20:17 - watchfiles.main - INFO - 1 change detected
2026-05-13 18:20:18 - watchfiles.main - INFO - 1 change detected
2026-05-13 18:20:18 - main - INFO - ================================================================================
2026-05-13 18:20:18 - watchfiles.main - INFO - 1 change detected
2026-05-13 18:20:18 - main - INFO - Starting AI Video Generator API...
2026-05-13 18:20:18 - main - INFO - ================================================================================
2026-05-13 18:20:18 - main - INFO - [Startup] Configuration:
2026-05-13 18:20:18 - main - INFO -   - Host: 0.0.0.0
2026-05-13 18:20:18 - main - INFO -   - Port: 8000
2026-05-13 18:20:18 - main - INFO -   - Debug Mode: True
2026-05-13 18:20:18 - main - INFO -   - Log Level: INFO
2026-05-13 18:20:18 - main - INFO -   - Allowed Origins: 4 origins
2026-05-13 18:20:18 - main - INFO - [Startup] Validating environment variables...
2026-05-13 18:20:18 - utils.env_validator - INFO - [EnvValidator] Starting environment variable validation...
2026-05-13 18:20:18 - utils.env_validator - INFO - [EnvValidator] Validating 4 required variables
2026-05-13 18:20:18 - utils.env_validator - INFO - [EnvValidator] Validating 11 optional variables
2026-05-13 18:20:18 - utils.env_validator - ERROR - [EnvValidator] ✗ SECRET_KEY - Invalid: Required environment variable 'SECRET_KEY' is not set
2026-05-13 18:20:18 - utils.env_validator - ERROR - [EnvValidator] ✗ OPENAI_API_KEY - Invalid: Required environment variable 'OPENAI_API_KEY' is not set
2026-05-13 18:20:18 - utils.env_validator - ERROR - [EnvValidator] ✗ ELEVENLABS_API_KEY - Invalid: Required environment variable 'ELEVENLABS_API_KEY' is not set
2026-05-13 18:20:18 - utils.env_validator - ERROR - [EnvValidator] ✗ REPLICATE_API_TOKEN - Invalid: Required environment variable 'REPLICATE_API_TOKEN' is not set
2026-05-13 18:20:18 - utils.env_validator - WARNING - [EnvValidator] ⚠ HUGGINGFACE_API_KEY - Optional environment variable 'HUGGINGFACE_API_KEY' is not set
2026-05-13 18:20:18 - utils.env_validator - WARNING - [EnvValidator] ⚠ DATABASE_URL - Optional environment variable 'DATABASE_URL' is not set
2026-05-13 18:20:18 - utils.env_validator - WARNING - [EnvValidator] ⚠ REDIS_URL - Optional environment variable 'REDIS_URL' is not set
2026-05-13 18:20:18 - utils.env_validator - WARNING - [EnvValidator] ⚠ CLOUDINARY_CLOUD_NAME - Optional environment variable 'CLOUDINARY_CLOUD_NAME' is not set
2026-05-13 18:20:18 - utils.env_validator - WARNING - [EnvValidator] ⚠ CLOUDINARY_API_KEY - Optional environment variable 'CLOUDINARY_API_KEY' is not set
2026-05-13 18:20:18 - utils.env_validator - WARNING - [EnvValidator] ⚠ CLOUDINARY_API_SECRET - Optional environment variable 'CLOUDINARY_API_SECRET' is not set
2026-05-13 18:20:18 - utils.env_validator - WARNING - [EnvValidator] ⚠ AWS_ACCESS_KEY_ID - Optional environment variable 'AWS_ACCESS_KEY_ID' is not set
2026-05-13 18:20:18 - utils.env_validator - WARNING - [EnvValidator] ⚠ AWS_SECRET_ACCESS_KEY - Optional environment variable 'AWS_SECRET_ACCESS_KEY' is not set
2026-05-13 18:20:18 - utils.env_validator - WARNING - [EnvValidator] ⚠ AWS_REGION - Optional environment variable 'AWS_REGION' is not set
2026-05-13 18:20:18 - utils.env_validator - WARNING - [EnvValidator] ⚠ AWS_S3_BUCKET - Optional environment variable 'AWS_S3_BUCKET' is not set
2026-05-13 18:20:18 - utils.env_validator - WARNING - [EnvValidator] ⚠ FFMPEG_PATH - Optional environment variable 'FFMPEG_PATH' is not set
2026-05-13 18:20:18 - utils.env_validator - ERROR - [EnvValidator] ✗ Environment validation failed
2026-05-13 18:20:18 - main - ERROR - [Startup] Environment validation failed: Environment validation failed. Please check the required environment variables.
2026-05-13 18:20:18 - main - INFO - ================================================================================
2026-05-13 18:20:18 - main - INFO - Starting AI Video Generator API...
2026-05-13 18:20:18 - main - INFO - ================================================================================
2026-05-13 18:20:18 - main - INFO - [Startup] Configuration:
2026-05-13 18:20:18 - main - INFO -   - Host: 0.0.0.0
2026-05-13 18:20:18 - main - INFO -   - Port: 8000
2026-05-13 18:20:18 - main - INFO -   - Debug Mode: True
2026-05-13 18:20:18 - main - INFO -   - Log Level: INFO
2026-05-13 18:20:18 - main - INFO -   - Allowed Origins: 4 origins
2026-05-13 18:20:18 - main - INFO - [Startup] Validating environment variables...
2026-05-13 18:20:18 - utils.env_validator - INFO - [EnvValidator] Starting environment variable validation...
2026-05-13 18:20:18 - utils.env_validator - INFO - [EnvValidator] Validating 4 required variables
2026-05-13 18:20:18 - utils.env_validator - INFO - [EnvValidator] Validating 11 optional variables
2026-05-13 18:20:18 - utils.env_validator - ERROR - [EnvValidator] ✗ SECRET_KEY - Invalid: Required environment variable 'SECRET_KEY' is not set
2026-05-13 18:20:18 - utils.env_validator - ERROR - [EnvValidator] ✗ OPENAI_API_KEY - Invalid: Required environment variable 'OPENAI_API_KEY' is not set
2026-05-13 18:20:18 - utils.env_validator - ERROR - [EnvValidator] ✗ ELEVENLABS_API_KEY - Invalid: Required environment variable 'ELEVENLABS_API_KEY' is not set
2026-05-13 18:20:18 - utils.env_validator - ERROR - [EnvValidator] ✗ REPLICATE_API_TOKEN - Invalid: Required environment variable 'REPLICATE_API_TOKEN' is not set
2026-05-13 18:20:18 - utils.env_validator - WARNING - [EnvValidator] ⚠ HUGGINGFACE_API_KEY - Optional environment variable 'HUGGINGFACE_API_KEY' is not set
2026-05-13 18:20:18 - utils.env_validator - WARNING - [EnvValidator] ⚠ DATABASE_URL - Optional environment variable 'DATABASE_URL' is not set
2026-05-13 18:20:18 - utils.env_validator - WARNING - [EnvValidator] ⚠ REDIS_URL - Optional environment variable 'REDIS_URL' is not set
2026-05-13 18:20:18 - utils.env_validator - WARNING - [EnvValidator] ⚠ CLOUDINARY_CLOUD_NAME - Optional environment variable 'CLOUDINARY_CLOUD_NAME' is not set
2026-05-13 18:20:18 - utils.env_validator - WARNING - [EnvValidator] ⚠ CLOUDINARY_API_KEY - Optional environment variable 'CLOUDINARY_API_KEY' is not set
2026-05-13 18:20:18 - utils.env_validator - WARNING - [EnvValidator] ⚠ CLOUDINARY_API_SECRET - Optional environment variable 'CLOUDINARY_API_SECRET' is not set
2026-05-13 18:20:18 - utils.env_validator - WARNING - [EnvValidator] ⚠ AWS_ACCESS_KEY_ID - Optional environment variable 'AWS_ACCESS_KEY_ID' is not set
2026-05-13 18:20:18 - utils.env_validator - WARNING - [EnvValidator] ⚠ AWS_SECRET_ACCESS_KEY - Optional environment variable 'AWS_SECRET_ACCESS_KEY' is not set
2026-05-13 18:20:18 - utils.env_validator - WARNING - [EnvValidator] ⚠ AWS_REGION - Optional environment variable 'AWS_REGION' is not set
2026-05-13 18:20:18 - utils.env_validator - WARNING - [EnvValidator] ⚠ AWS_S3_BUCKET - Optional environment variable 'AWS_S3_BUCKET' is not set
2026-05-13 18:20:18 - utils.env_validator - WARNING - [EnvValidator] ⚠ FFMPEG_PATH - Optional environment variable 'FFMPEG_PATH' is not set
2026-05-13 18:20:18 - utils.env_validator - ERROR - [EnvValidator] ✗ Environment validation failed
2026-05-13 18:20:18 - watchfiles.main - INFO - 1 change detected
2026-05-13 18:20:18 - main - ERROR - [Startup] Environment validation failed: Environment validation failed. Please check the required environment variables.
2026-05-13 18:20:19 - watchfiles.main - INFO - 1 change detected
2026-05-13 18:20:19 - watchfiles.main - INFO - 1 change detected
2026-05-13 18:20:19 - watchfiles.main - INFO - 1 change detected
2026-05-13 18:20:20 - watchfiles.main - INFO - 1 change detected
2026-05-13 18:20:20 - watchfiles.main - INFO - 1 change detected
2026-05-13 18:20:21 - watchfiles.main - INFO - 1 change detected
2026-05-13 18:20:21 - watchfiles.main - INFO - 1 change detected
2026-05-13 18:20:21 - watchfiles.main - INFO - 1 change detected
2026-05-13 18:20:22 - watchfiles.main - INFO - 1 change detected
2026-05-13 18:20:22 - watchfiles.main - INFO - 1 change detected
2026-05-13 18:20:22 - watchfiles.main - INFO - 1 change detected
2026-05-13 18:20:23 - watchfiles.main - INFO - 1 change detected
2026-05-13 18:20:23 - watchfiles.main - INFO - 1 change detected
2026-05-13 18:20:23 - watchfiles.main - INFO - 1 change detected
2026-05-13 18:20:24 - watchfiles.main - INFO - 1 change detected
2026-05-13 18:20:24 - watchfiles.main - INFO - 1 change detected
2026-05-13 18:20:25 - watchfiles.main - INFO - 1 change detected
2026-05-13 18:20:25 - watchfiles.main - INFO - 1 change detected
2026-05-13 18:20:25 - watchfiles.main - INFO - 1 change detected
2026-05-13 18:20:26 - watchfiles.main - INFO - 1 change detected
2026-05-13 18:20:26 - watchfiles.main - INFO - 1 change detected
2026-05-13 18:20:26 - watchfiles.main - INFO - 1 change detected
2026-05-13 18:20:27 - watchfiles.main - INFO - 1 change detected
2026-05-13 18:20:27 - watchfiles.main - INFO - 1 change detected
2026-05-13 18:20:27 - watchfiles.main - INFO - 1 change detected
2026-05-13 18:20:28 - watchfiles.main - INFO - 1 change detected
2026-05-13 18:20:28 - watchfiles.main - INFO - 1 change detected
2026-05-13 18:20:29 - watchfiles.main - INFO - 1 change detected
2026-05-13 18:20:29 - watchfiles.main - INFO - 1 change detected
2026-05-13 18:20:29 - watchfiles.main - INFO - 1 change detected
2026-05-13 18:20:30 - watchfiles.main - INFO - 1 change detected
2026-05-13 18:20:30 - watchfiles.main - INFO - 1 change detected
2026-05-13 18:20:30 - watchfiles.main - INFO - 1 change detected
2026-05-13 18:20:31 - watchfiles.main - INFO - 1 change detected
2026-05-13 18:20:31 - watchfiles.main - INFO - 1 change detected
2026-05-13 18:20:31 - watchfiles.main - INFO - 1 change detected
2026-05-13 18:20:32 - watchfiles.main - INFO - 1 change detected
2026-05-13 18:20:32 - watchfiles.main - INFO - 1 change detected
2026-05-13 18:20:33 - watchfiles.main - INFO - 1 change detected
2026-05-13 18:20:33 - watchfiles.main - INFO - 1 change detected
2026-05-13 18:20:33 - watchfiles.main - INFO - 1 change detected
2026-05-13 18:20:34 - watchfiles.main - INFO - 1 change detected
2026-05-13 18:20:34 - watchfiles.main - INFO - 1 change detected
2026-05-13 18:20:34 - watchfiles.main - INFO - 1 change detected
2026-05-13 18:20:35 - watchfiles.main - INFO - 1 change detected
2026-05-13 18:20:35 - watchfiles.main - INFO - 1 change detected
2026-05-13 18:20:35 - watchfiles.main - INFO - 1 change detected
2026-05-13 18:20:36 - watchfiles.main - INFO - 1 change detected
2026-05-13 18:20:36 - watchfiles.main - INFO - 1 change detected
2026-05-13 18:20:37 - watchfiles.main - INFO - 1 change detected
2026-05-13 18:20:37 - watchfiles.main - INFO - 1 change detected
2026-05-13 18:20:37 - watchfiles.main - INFO - 1 change detected
2026-05-13 18:20:38 - watchfiles.main - INFO - 1 change detected
2026-05-13 18:20:38 - watchfiles.main - INFO - 1 change detected
2026-05-13 18:20:38 - watchfiles.main - INFO - 1 change detected
2026-05-13 18:20:39 - watchfiles.main - INFO - 1 change detected
2026-05-13 18:20:39 - main - INFO - ================================================================================
2026-05-13 18:20:39 - main - INFO - Starting AI Video Generator API...
2026-05-13 18:20:39 - main - INFO - ================================================================================
2026-05-13 18:20:39 - main - INFO - [Startup] Configuration:
2026-05-13 18:20:39 - main - INFO -   - Host: 0.0.0.0
2026-05-13 18:20:39 - main - INFO -   - Port: 8000
2026-05-13 18:20:39 - main - INFO -   - Debug Mode: True
2026-05-13 18:20:39 - main - INFO -   - Log Level: INFO
2026-05-13 18:20:39 - main - INFO -   - Allowed Origins: 4 origins
2026-05-13 18:20:39 - main - INFO - [Startup] Validating environment variables...
2026-05-13 18:20:39 - utils.env_validator - INFO - [EnvValidator] Starting environment variable validation...
2026-05-13 18:20:39 - utils.env_validator - INFO - [EnvValidator] Validating 4 required variables
2026-05-13 18:20:39 - utils.env_validator - INFO - [EnvValidator] Validating 11 optional variables
2026-05-13 18:20:39 - utils.env_validator - ERROR - [EnvValidator] ✗ SECRET_KEY - Invalid: Required environment variable 'SECRET_KEY' is not set
2026-05-13 18:20:39 - utils.env_validator - ERROR - [EnvValidator] ✗ OPENAI_API_KEY - Invalid: Required environment variable 'OPENAI_API_KEY' is not set
2026-05-13 18:20:39 - utils.env_validator - ERROR - [EnvValidator] ✗ ELEVENLABS_API_KEY - Invalid: Required environment variable 'ELEVENLABS_API_KEY' is not set
2026-05-13 18:20:39 - utils.env_validator - ERROR - [EnvValidator] ✗ REPLICATE_API_TOKEN - Invalid: Required environment variable 'REPLICATE_API_TOKEN' is not set
2026-05-13 18:20:39 - utils.env_validator - WARNING - [EnvValidator] ⚠ HUGGINGFACE_API_KEY - Optional environment variable 'HUGGINGFACE_API_KEY' is not set
2026-05-13 18:20:39 - utils.env_validator - WARNING - [EnvValidator] ⚠ DATABASE_URL - Optional environment variable 'DATABASE_URL' is not set
2026-05-13 18:20:39 - utils.env_validator - WARNING - [EnvValidator] ⚠ REDIS_URL - Optional environment variable 'REDIS_URL' is not set
2026-05-13 18:20:39 - utils.env_validator - WARNING - [EnvValidator] ⚠ CLOUDINARY_CLOUD_NAME - Optional environment variable 'CLOUDINARY_CLOUD_NAME' is not set
2026-05-13 18:20:39 - utils.env_validator - WARNING - [EnvValidator] ⚠ CLOUDINARY_API_KEY - Optional environment variable 'CLOUDINARY_API_KEY' is not set
2026-05-13 18:20:39 - utils.env_validator - WARNING - [EnvValidator] ⚠ CLOUDINARY_API_SECRET - Optional environment variable 'CLOUDINARY_API_SECRET' is not set
2026-05-13 18:20:39 - utils.env_validator - WARNING - [EnvValidator] ⚠ AWS_ACCESS_KEY_ID - Optional environment variable 'AWS_ACCESS_KEY_ID' is not set
2026-05-13 18:20:39 - utils.env_validator - WARNING - [EnvValidator] ⚠ AWS_SECRET_ACCESS_KEY - Optional environment variable 'AWS_SECRET_ACCESS_KEY' is not set
2026-05-13 18:20:39 - utils.env_validator - WARNING - [EnvValidator] ⚠ AWS_REGION - Optional environment variable 'AWS_REGION' is not set
2026-05-13 18:20:39 - utils.env_validator - WARNING - [EnvValidator] ⚠ AWS_S3_BUCKET - Optional environment variable 'AWS_S3_BUCKET' is not set
2026-05-13 18:20:39 - utils.env_validator - WARNING - [EnvValidator] ⚠ FFMPEG_PATH - Optional environment variable 'FFMPEG_PATH' is not set
2026-05-13 18:20:39 - utils.env_validator - ERROR - [EnvValidator] ✗ Environment validation failed
2026-05-13 18:20:39 - main - ERROR - [Startup] Environment validation failed: Environment validation failed. Please check the required environment variables.
2026-05-13 18:20:39 - watchfiles.main - INFO - 1 change detected
2026-05-13 18:20:40 - watchfiles.main - INFO - 1 change detected
2026-05-13 18:20:40 - watchfiles.main - INFO - 1 change detected
2026-05-13 18:20:40 - watchfiles.main - INFO - 1 change detected
2026-05-13 18:20:41 - watchfiles.main - INFO - 1 change detected
2026-05-13 18:20:41 - watchfiles.main - INFO - 1 change detected
2026-05-13 18:20:41 - watchfiles.main - INFO - 1 change detected
2026-05-13 18:20:42 - watchfiles.main - INFO - 1 change detected
2026-05-13 18:20:42 - watchfiles.main - INFO - 1 change detected
2026-05-13 18:20:42 - watchfiles.main - INFO - 1 change detected
2026-05-13 18:20:43 - watchfiles.main - INFO - 1 change detected
2026-05-13 18:20:43 - watchfiles.main - INFO - 1 change detected
2026-05-13 18:20:44 - watchfiles.main - INFO - 1 change detected
2026-05-13 18:20:44 - watchfiles.main - INFO - 1 change detected
2026-05-13 18:20:44 - watchfiles.main - INFO - 1 change detected
2026-05-13 18:20:45 - watchfiles.main - INFO - 1 change detected
2026-05-13 18:20:45 - watchfiles.main - INFO - 1 change detected
2026-05-13 18:20:45 - watchfiles.main - INFO - 1 change detected
2026-05-13 18:20:46 - watchfiles.main - INFO - 1 change detected
2026-05-13 18:20:46 - watchfiles.main - INFO - 1 change detected
2026-05-13 18:20:46 - watchfiles.main - INFO - 1 change detected
2026-05-13 18:20:47 - watchfiles.main - INFO - 1 change detected
2026-05-13 18:20:47 - watchfiles.main - INFO - 1 change detected
2026-05-13 18:20:48 - watchfiles.main - INFO - 1 change detected
2026-05-13 18:20:48 - watchfiles.main - INFO - 1 change detected
2026-05-13 18:20:48 - watchfiles.main - INFO - 1 change detected
2026-05-13 18:20:49 - watchfiles.main - INFO - 1 change detected
2026-05-13 18:20:49 - watchfiles.main - INFO - 1 change detected
2026-05-13 18:20:49 - watchfiles.main - INFO - 1 change detected
2026-05-13 18:20:50 - watchfiles.main - INFO - 1 change detected
2026-05-13 18:20:50 - watchfiles.main - INFO - 1 change detected
2026-05-13 18:20:50 - watchfiles.main - INFO - 1 change detected
2026-05-13 18:20:51 - watchfiles.main - INFO - 1 change detected
2026-05-13 18:20:51 - watchfiles.main - INFO - 1 change detected
2026-05-13 18:20:52 - watchfiles.main - INFO - 1 change detected
2026-05-13 18:20:52 - watchfiles.main - INFO - 1 change detected
2026-05-13 18:20:52 - watchfiles.main - INFO - 1 change detected
2026-05-13 18:20:53 - watchfiles.main - INFO - 1 change detected
2026-05-13 18:20:53 - watchfiles.main - INFO - 1 change detected
2026-05-13 18:20:53 - watchfiles.main - INFO - 1 change detected
2026-05-13 18:20:54 - watchfiles.main - INFO - 1 change detected
2026-05-13 18:20:54 - watchfiles.main - INFO - 1 change detected
2026-05-13 18:20:55 - watchfiles.main - INFO - 1 change detected
2026-05-13 18:20:55 - watchfiles.main - INFO - 1 change detected
2026-05-13 18:20:55 - watchfiles.main - INFO - 1 change detected
2026-05-13 18:20:56 - watchfiles.main - INFO - 1 change detected
2026-05-13 18:20:56 - watchfiles.main - INFO - 1 change detected
2026-05-13 18:20:56 - watchfiles.main - INFO - 1 change detected
2026-05-13 18:20:57 - watchfiles.main - INFO - 1 change detected
2026-05-13 18:20:57 - watchfiles.main - INFO - 1 change detected
2026-05-13 18:20:57 - watchfiles.main - INFO - 1 change detected
2026-05-13 18:20:58 - watchfiles.main - INFO - 1 change detected
2026-05-13 18:20:58 - watchfiles.main - INFO - 1 change detected
2026-05-13 18:20:59 - watchfiles.main - INFO - 1 change detected
2026-05-13 18:20:59 - watchfiles.main - INFO - 1 change detected
2026-05-13 18:20:59 - watchfiles.main - INFO - 1 change detected
2026-05-13 18:21:00 - watchfiles.main - INFO - 1 change detected
2026-05-13 18:21:00 - watchfiles.main - INFO - 1 change detected
2026-05-13 18:21:00 - watchfiles.main - INFO - 1 change detected
2026-05-13 18:21:01 - watchfiles.main - INFO - 1 change detected
2026-05-13 18:21:01 - watchfiles.main - INFO - 1 change detected
2026-05-13 18:21:01 - watchfiles.main - INFO - 1 change detected
2026-05-13 18:21:02 - watchfiles.main - INFO - 1 change detected
2026-05-13 18:21:02 - watchfiles.main - INFO - 1 change detected
2026-05-13 18:21:03 - watchfiles.main - INFO - 1 change detected
2026-05-13 18:21:03 - watchfiles.main - INFO - 1 change detected
2026-05-13 18:21:03 - watchfiles.main - INFO - 1 change detected
2026-05-13 18:21:04 - watchfiles.main - INFO - 1 change detected
2026-05-13 18:21:04 - watchfiles.main - INFO - 1 change detected
2026-05-13 18:21:04 - watchfiles.main - INFO - 1 change detected
2026-05-13 18:21:05 - watchfiles.main - INFO - 1 change detected
2026-05-13 18:21:05 - watchfiles.main - INFO - 1 change detected
2026-05-13 18:21:06 - watchfiles.main - INFO - 1 change detected
2026-05-13 18:21:06 - watchfiles.main - INFO - 1 change detected
2026-05-13 18:21:06 - watchfiles.main - INFO - 1 change detected
2026-05-13 18:21:07 - watchfiles.main - INFO - 1 change detected
2026-05-13 18:21:07 - watchfiles.main - INFO - 1 change detected
2026-05-13 18:21:08 - watchfiles.main - INFO - 1 change detected
2026-05-13 18:21:08 - watchfiles.main - INFO - 1 change detected
2026-05-13 18:21:08 - watchfiles.main - INFO - 1 change detected
2026-05-13 18:21:09 - watchfiles.main - INFO - 1 change detected
2026-05-13 18:21:09 - watchfiles.main - INFO - 1 change detected
2026-05-13 18:21:09 - watchfiles.main - INFO - 1 change detected
2026-05-13 18:21:10 - watchfiles.main - INFO - 1 change detected
2026-05-13 18:21:10 - watchfiles.main - INFO - 1 change detected
2026-05-13 18:21:10 - watchfiles.main - INFO - 1 change detected
2026-05-13 18:21:11 - watchfiles.main - INFO - 1 change detected
2026-05-13 18:21:11 - watchfiles.main - INFO - 1 change detected
2026-05-13 18:21:12 - watchfiles.main - INFO - 1 change detected
2026-05-13 18:21:12 - watchfiles.main - INFO - 1 change detected
2026-05-13 18:22:26 - watchfiles.main - INFO - 1 change detected
2026-05-13 18:22:26 - watchfiles.main - INFO - 1 change detected
2026-05-13 18:22:26 - watchfiles.main - INFO - 1 change detected
2026-05-13 18:22:27 - watchfiles.main - INFO - 1 change detected
2026-05-13 18:22:27 - watchfiles.main - INFO - 1 change detected
2026-05-13 18:22:28 - watchfiles.main - INFO - 6 changes detected
2026-05-13 18:22:28 - watchfiles.main - INFO - 1 change detected
2026-05-13 18:22:28 - watchfiles.main - INFO - 1 change detected
2026-05-13 18:22:29 - watchfiles.main - INFO - 1 change detected
2026-05-13 18:22:29 - watchfiles.main - INFO - 1 change detected
2026-05-13 18:22:30 - watchfiles.main - INFO - 1 change detected
2026-05-13 18:22:30 - watchfiles.main - INFO - 1 change detected
2026-05-13 18:22:30 - watchfiles.main - INFO - 1 change detected
2026-05-13 18:22:30 - main - INFO - ================================================================================
2026-05-13 18:22:30 - main - INFO - ================================================================================
2026-05-13 18:22:30 - main - INFO - Starting AI Video Generator API...
2026-05-13 18:22:30 - main - INFO - Starting AI Video Generator API...
2026-05-13 18:22:30 - main - INFO - ================================================================================
2026-05-13 18:22:30 - main - INFO - ================================================================================
2026-05-13 18:22:30 - main - INFO - [Startup] Configuration:
2026-05-13 18:22:30 - main - INFO -   - Host: 0.0.0.0
2026-05-13 18:22:30 - main - INFO -   - Host: 0.0.0.0
2026-05-13 18:22:30 - main - INFO -   - Port: 8000
2026-05-13 18:22:30 - main - INFO -   - Port: 8000
2026-05-13 18:22:30 - main - INFO -   - Debug Mode: True
2026-05-13 18:22:30 - main - INFO -   - Debug Mode: True
2026-05-13 18:22:30 - main - INFO -   - Log Level: INFO
2026-05-13 18:22:30 - main - INFO -   - Allowed Origins: 4 origins
2026-05-13 18:22:30 - main - INFO -   - Allowed Origins: 4 origins
2026-05-13 18:22:30 - main - INFO - [Startup] Validating environment variables...
2026-05-13 18:22:31 - watchfiles.main - INFO - 1 change detected
2026-05-13 18:22:31 - watchfiles.main - INFO - 1 change detected
2026-05-13 18:22:31 - watchfiles.main - INFO - 1 change detected
2026-05-13 18:22:32 - watchfiles.main - INFO - 1 change detected
2026-05-13 18:22:32 - watchfiles.main - INFO - 1 change detected
2026-05-13 18:22:32 - watchfiles.main - INFO - 1 change detected
2026-05-13 18:22:33 - watchfiles.main - INFO - 1 change detected
2026-05-13 18:22:33 - watchfiles.main - INFO - 1 change detected
2026-05-13 18:22:33 - watchfiles.main - INFO - 1 change detected
2026-05-13 18:22:34 - watchfiles.main - INFO - 1 change detected
2026-05-13 18:22:34 - watchfiles.main - INFO - 1 change detected
2026-05-13 18:22:35 - watchfiles.main - INFO - 1 change detected
2026-05-13 18:22:35 - watchfiles.main - INFO - 1 change detected
2026-05-13 18:22:35 - watchfiles.main - INFO - 1 change detected
2026-05-13 18:22:36 - watchfiles.main - INFO - 1 change detected
2026-05-13 18:22:36 - watchfiles.main - INFO - 1 change detected
2026-05-13 18:22:37 - watchfiles.main - INFO - 1 change detected
2026-05-13 18:22:37 - watchfiles.main - INFO - 1 change detected
2026-05-13 18:22:37 - watchfiles.main - INFO - 1 change detected
2026-05-13 18:22:38 - watchfiles.main - INFO - 1 change detected
2026-05-13 18:22:38 - watchfiles.main - INFO - 1 change detected
2026-05-13 18:22:38 - watchfiles.main - INFO - 1 change detected
2026-05-13 18:22:39 - watchfiles.main - INFO - 1 change detected
2026-05-13 18:22:39 - watchfiles.main - INFO - 1 change detected
2026-05-13 18:22:39 - watchfiles.main - INFO - 1 change detected
2026-05-13 18:22:40 - watchfiles.main - INFO - 1 change detected
2026-05-13 18:22:40 - watchfiles.main - INFO - 1 change detected
2026-05-13 18:22:41 - watchfiles.main - INFO - 1 change detected
2026-05-13 18:22:41 - watchfiles.main - INFO - 1 change detected
2026-05-13 18:22:41 - watchfiles.main - INFO - 1 change detected
2026-05-13 18:22:42 - watchfiles.main - INFO - 1 change detected
2026-05-13 18:22:42 - watchfiles.main - INFO - 1 change detected
2026-05-13 18:22:42 - watchfiles.main - INFO - 1 change detected
2026-05-13 18:22:43 - watchfiles.main - INFO - 1 change detected
2026-05-13 18:22:43 - watchfiles.main - INFO - 1 change detected
2026-05-13 18:22:43 - watchfiles.main - INFO - 1 change detected
2026-05-13 18:22:44 - watchfiles.main - INFO - 1 change detected
2026-05-13 18:22:44 - watchfiles.main - INFO - 1 change detected
2026-05-13 18:22:45 - watchfiles.main - INFO - 1 change detected
2026-05-13 18:22:45 - watchfiles.main - INFO - 1 change detected
2026-05-13 18:22:45 - watchfiles.main - INFO - 1 change detected
2026-05-13 18:22:46 - watchfiles.main - INFO - 1 change detected
2026-05-13 18:22:46 - watchfiles.main - INFO - 1 change detected
2026-05-13 18:22:46 - watchfiles.main - INFO - 1 change detected
2026-05-13 18:22:47 - watchfiles.main - INFO - 1 change detected
2026-05-13 18:22:47 - watchfiles.main - INFO - 1 change detected
2026-05-13 18:22:47 - watchfiles.main - INFO - 1 change detected
2026-05-13 18:22:48 - watchfiles.main - INFO - 1 change detected
2026-05-13 18:22:48 - watchfiles.main - INFO - 1 change detected
2026-05-13 18:22:49 - watchfiles.main - INFO - 1 change detected
2026-05-13 18:22:49 - watchfiles.main - INFO - 1 change detected
2026-05-13 18:22:49 - watchfiles.main - INFO - 1 change detected
2026-05-13 18:22:50 - watchfiles.main - INFO - 1 change detected
2026-05-13 18:22:50 - watchfiles.main - INFO - 1 change detected
2026-05-13 18:22:50 - watchfiles.main - INFO - 1 change detected
2026-05-13 18:22:51 - watchfiles.main - INFO - 1 change detected
2026-05-13 18:22:51 - watchfiles.main - INFO - 1 change detected
2026-05-13 18:22:51 - watchfiles.main - INFO - 1 change detected
2026-05-13 18:22:52 - watchfiles.main - INFO - 1 change detected
2026-05-13 18:22:52 - watchfiles.main - INFO - 1 change detected
2026-05-13 18:22:52 - main - INFO - ================================================================================
2026-05-13 18:22:52 - main - INFO - Starting AI Video Generator API...
2026-05-13 18:22:52 - main - INFO - ================================================================================
2026-05-13 18:22:52 - main - INFO - [Startup] Configuration:
2026-05-13 18:22:52 - main - INFO -   - Host: 0.0.0.0
2026-05-13 18:22:52 - main - INFO -   - Port: 8000
2026-05-13 18:22:52 - main - INFO -   - Debug Mode: True
2026-05-13 18:22:52 - main - INFO -   - Log Level: INFO
2026-05-13 18:22:52 - main - INFO -   - Allowed Origins: 4 origins
2026-05-13 18:22:52 - main - INFO - [Startup] Validating environment variables...
2026-05-13 18:22:53 - watchfiles.main - INFO - 1 change detected
2026-05-13 18:22:53 - watchfiles.main - INFO - 1 change detected
2026-05-13 18:22:53 - watchfiles.main - INFO - 1 change detected
2026-05-13 18:22:54 - watchfiles.main - INFO - 1 change detected
2026-05-13 18:22:54 - watchfiles.main - INFO - 1 change detected
2026-05-13 18:22:54 - watchfiles.main - INFO - 1 change detected
2026-05-13 18:22:55 - watchfiles.main - INFO - 1 change detected
2026-05-13 18:22:55 - watchfiles.main - INFO - 1 change detected
2026-05-13 18:22:56 - watchfiles.main - INFO - 1 change detected
2026-05-13 18:22:56 - watchfiles.main - INFO - 1 change detected
2026-05-13 18:22:56 - watchfiles.main - INFO - 1 change detected
2026-05-13 18:22:57 - watchfiles.main - INFO - 1 change detected
2026-05-13 18:22:57 - watchfiles.main - INFO - 1 change detected
2026-05-13 18:22:57 - watchfiles.main - INFO - 1 change detected
2026-05-13 18:22:58 - watchfiles.main - INFO - 1 change detected
2026-05-13 18:22:58 - watchfiles.main - INFO - 1 change detected
2026-05-13 18:22:58 - watchfiles.main - INFO - 1 change detected
2026-05-13 18:22:59 - watchfiles.main - INFO - 1 change detected
2026-05-13 18:22:59 - watchfiles.main - INFO - 1 change detected
2026-05-13 18:23:00 - watchfiles.main - INFO - 1 change detected
2026-05-13 18:23:00 - watchfiles.main - INFO - 1 change detected
2026-05-13 18:23:00 - watchfiles.main - INFO - 1 change detected
2026-05-13 18:23:01 - watchfiles.main - INFO - 1 change detected
2026-05-13 18:23:01 - watchfiles.main - INFO - 1 change detected
2026-05-13 18:23:01 - watchfiles.main - INFO - 1 change detected
2026-05-13 18:23:02 - watchfiles.main - INFO - 1 change detected
2026-05-13 18:23:02 - watchfiles.main - INFO - 1 change detected
2026-05-13 18:23:02 - watchfiles.main - INFO - 1 change detected
2026-05-13 18:23:03 - watchfiles.main - INFO - 1 change detected
2026-05-13 18:23:03 - watchfiles.main - INFO - 1 change detected
2026-05-13 18:23:04 - watchfiles.main - INFO - 1 change detected
2026-05-13 18:23:04 - watchfiles.main - INFO - 1 change detected
2026-05-13 18:23:04 - watchfiles.main - INFO - 1 change detected
2026-05-13 18:23:05 - watchfiles.main - INFO - 1 change detected
2026-05-13 18:23:05 - watchfiles.main - INFO - 1 change detected
2026-05-13 18:23:05 - watchfiles.main - INFO - 1 change detected
2026-05-13 18:23:06 - watchfiles.main - INFO - 1 change detected
2026-05-13 18:23:06 - watchfiles.main - INFO - 1 change detected
2026-05-13 18:23:06 - watchfiles.main - INFO - 1 change detected
2026-05-13 18:23:07 - watchfiles.main - INFO - 1 change detected
2026-05-13 18:23:07 - watchfiles.main - INFO - 1 change detected
2026-05-13 18:23:08 - watchfiles.main - INFO - 1 change detected
2026-05-13 18:23:08 - watchfiles.main - INFO - 1 change detected
2026-05-13 18:23:08 - watchfiles.main - INFO - 1 change detected
2026-05-13 18:23:09 - watchfiles.main - INFO - 1 change detected
2026-05-13 18:23:09 - watchfiles.main - INFO - 1 change detected
2026-05-13 18:23:09 - watchfiles.main - INFO - 1 change detected
2026-05-13 18:23:10 - watchfiles.main - INFO - 1 change detected
2026-05-13 18:23:10 - watchfiles.main - INFO - 1 change detected
2026-05-13 18:23:11 - watchfiles.main - INFO - 1 change detected
2026-05-13 18:23:11 - watchfiles.main - INFO - 1 change detected
2026-05-13 18:23:11 - watchfiles.main - INFO - 1 change detected
2026-05-13 18:23:12 - watchfiles.main - INFO - 1 change detected
2026-05-13 18:23:12 - watchfiles.main - INFO - 1 change detected
2026-05-13 18:23:12 - watchfiles.main - INFO - 1 change detected
2026-05-13 18:23:13 - watchfiles.main - INFO - 1 change detected
2026-05-13 18:23:13 - watchfiles.main - INFO - 1 change detected
2026-05-13 18:23:14 - watchfiles.main - INFO - 1 change detected
2026-05-13 18:23:14 - watchfiles.main - INFO - 1 change detected
2026-05-13 18:23:14 - watchfiles.main - INFO - 1 change detected
2026-05-13 18:23:15 - watchfiles.main - INFO - 1 change detected
2026-05-13 18:23:15 - watchfiles.main - INFO - 1 change detected
2026-05-13 18:23:16 - watchfiles.main - INFO - 1 change detected
2026-05-13 18:23:16 - watchfiles.main - INFO - 1 change detected
2026-05-13 18:23:16 - watchfiles.main - INFO - 1 change detected
2026-05-13 18:23:17 - watchfiles.main - INFO - 1 change detected
2026-05-13 18:23:17 - watchfiles.main - INFO - 1 change detected
2026-05-13 18:23:17 - watchfiles.main - INFO - 1 change detected
2026-05-13 18:23:18 - watchfiles.main - INFO - 1 change detected
2026-05-13 18:23:18 - watchfiles.main - INFO - 1 change detected
2026-05-13 18:23:19 - watchfiles.main - INFO - 1 change detected
2026-05-13 18:23:19 - watchfiles.main - INFO - 1 change detected
2026-05-13 18:23:19 - watchfiles.main - INFO - 1 change detected
2026-05-13 18:23:20 - watchfiles.main - INFO - 1 change detected
2026-05-13 18:23:20 - watchfiles.main - INFO - 1 change detected
2026-05-13 18:23:20 - watchfiles.main - INFO - 1 change detected
2026-05-13 18:23:21 - watchfiles.main - INFO - 1 change detected
2026-05-13 18:23:21 - watchfiles.main - INFO - 1 change detected
2026-05-13 18:23:21 - watchfiles.main - INFO - 1 change detected
2026-05-13 18:23:22 - watchfiles.main - INFO - 1 change detected
2026-05-13 18:23:22 - watchfiles.main - INFO - 1 change detected
2026-05-13 18:23:22 - watchfiles.main - INFO - 1 change detected
2026-05-13 18:23:23 - watchfiles.main - INFO - 1 change detected
2026-05-13 18:23:23 - watchfiles.main - INFO - 1 change detected
2026-05-13 18:23:24 - watchfiles.main - INFO - 1 change detected
2026-05-13 18:23:24 - watchfiles.main - INFO - 1 change detected
2026-05-13 18:23:24 - watchfiles.main - INFO - 1 change detected
2026-05-13 18:23:25 - watchfiles.main - INFO - 1 change detected
2026-05-13 18:23:25 - watchfiles.main - INFO - 1 change detected
2026-05-13 18:23:25 - watchfiles.main - INFO - 1 change detected
2026-05-13 18:23:26 - watchfiles.main - INFO - 1 change detected
2026-05-13 18:23:26 - watchfiles.main - INFO - 1 change detected
2026-05-13 18:23:27 - watchfiles.main - INFO - 1 change detected
2026-05-13 18:23:27 - watchfiles.main - INFO - 1 change detected
2026-05-13 18:23:27 - watchfiles.main - INFO - 1 change detected
2026-05-13 18:23:28 - watchfiles.main - INFO - 1 change detected
2026-05-13 18:23:28 - watchfiles.main - INFO - 1 change detected
2026-05-13 18:23:28 - watchfiles.main - INFO - 1 change detected
2026-05-13 18:23:29 - watchfiles.main - INFO - 1 change detected
2026-05-13 18:23:29 - watchfiles.main - INFO - 1 change detected
2026-05-13 18:23:29 - watchfiles.main - INFO - 1 change detected
2026-05-13 18:23:30 - watchfiles.main - INFO - 1 change detected
2026-05-13 18:23:30 - watchfiles.main - INFO - 1 change detected
2026-05-13 18:23:31 - watchfiles.main - INFO - 1 change detected
2026-05-13 18:23:31 - watchfiles.main - INFO - 1 change detected
2026-05-13 18:23:31 - watchfiles.main - INFO - 1 change detected
2026-05-13 18:23:32 - watchfiles.main - INFO - 1 change detected
2026-05-13 18:23:32 - watchfiles.main - INFO - 1 change detected
2026-05-13 18:23:32 - watchfiles.main - INFO - 1 change detected
2026-05-13 18:23:33 - watchfiles.main - INFO - 1 change detected
2026-05-13 18:23:33 - watchfiles.main - INFO - 1 change detected
2026-05-13 18:23:33 - watchfiles.main - INFO - 1 change detected
2026-05-13 18:23:34 - watchfiles.main - INFO - 1 change detected
2026-05-13 18:23:34 - watchfiles.main - INFO - 1 change detected
2026-05-13 18:23:35 - watchfiles.main - INFO - 1 change detected
2026-05-13 18:23:35 - watchfiles.main - INFO - 1 change detected
2026-05-13 18:23:35 - watchfiles.main - INFO - 1 change detected
2026-05-13 18:23:36 - watchfiles.main - INFO - 1 change detected
2026-05-13 18:23:36 - watchfiles.main - INFO - 1 change detected
2026-05-13 18:23:36 - watchfiles.main - INFO - 1 change detected
2026-05-13 18:23:37 - watchfiles.main - INFO - 1 change detected
2026-05-13 18:23:37 - watchfiles.main - INFO - 1 change detected
2026-05-13 18:23:38 - watchfiles.main - INFO - 1 change detected
2026-05-13 18:23:38 - watchfiles.main - INFO - 1 change detected
2026-05-13 18:23:38 - watchfiles.main - INFO - 1 change detected
2026-05-13 18:23:39 - watchfiles.main - INFO - 1 change detected
2026-05-13 18:23:39 - watchfiles.main - INFO - 1 change detected
2026-05-13 18:23:39 - watchfiles.main - INFO - 1 change detected
2026-05-13 18:23:40 - watchfiles.main - INFO - 1 change detected
2026-05-13 18:23:40 - watchfiles.main - INFO - 1 change detected
2026-05-13 18:23:40 - watchfiles.main - INFO - 1 change detected
2026-05-13 18:23:41 - watchfiles.main - INFO - 1 change detected
2026-05-13 18:23:41 - watchfiles.main - INFO - 1 change detected
2026-05-13 18:23:42 - watchfiles.main - INFO - 1 change detected
2026-05-13 18:23:42 - watchfiles.main - INFO - 1 change detected
2026-05-13 18:23:42 - watchfiles.main - INFO - 1 change detected
2026-05-13 18:23:43 - watchfiles.main - INFO - 1 change detected
2026-05-13 18:23:43 - watchfiles.main - INFO - 1 change detected
2026-05-13 18:23:43 - watchfiles.main - INFO - 1 change detected
2026-05-13 18:23:44 - watchfiles.main - INFO - 1 change detected
2026-05-13 18:23:44 - watchfiles.main - INFO - 1 change detected
2026-05-13 18:23:45 - watchfiles.main - INFO - 1 change detected
2026-05-13 18:23:45 - watchfiles.main - INFO - 1 change detected
2026-05-13 18:23:45 - watchfiles.main - INFO - 1 change detected
2026-05-13 18:23:46 - watchfiles.main - INFO - 1 change detected
2026-05-13 18:23:46 - watchfiles.main - INFO - 1 change detected
2026-05-13 18:23:46 - watchfiles.main - INFO - 1 change detected
2026-05-13 18:23:47 - watchfiles.main - INFO - 1 change detected
2026-05-13 18:23:47 - watchfiles.main - INFO - 1 change detected
2026-05-13 18:23:47 - watchfiles.main - INFO - 1 change detected
2026-05-13 18:23:48 - watchfiles.main - INFO - 1 change detected
2026-05-13 18:23:48 - watchfiles.main - INFO - 1 change detected
2026-05-13 18:23:49 - watchfiles.main - INFO - 1 change detected
2026-05-13 18:23:49 - watchfiles.main - INFO - 1 change detected
2026-05-13 18:23:49 - watchfiles.main - INFO - 1 change detected
2026-05-13 18:23:50 - watchfiles.main - INFO - 1 change detected
2026-05-13 18:23:50 - watchfiles.main - INFO - 1 change detected
2026-05-13 18:23:50 - watchfiles.main - INFO - 1 change detected
2026-05-13 18:23:51 - watchfiles.main - INFO - 1 change detected
2026-05-13 18:23:51 - watchfiles.main - INFO - 1 change detected
2026-05-13 18:23:52 - watchfiles.main - INFO - 1 change detected
2026-05-13 18:23:52 - watchfiles.main - INFO - 1 change detected
2026-05-13 18:23:52 - watchfiles.main - INFO - 1 change detected
2026-05-13 18:23:53 - watchfiles.main - INFO - 1 change detected
2026-05-13 18:23:53 - watchfiles.main - INFO - 1 change detected
2026-05-13 18:23:53 - watchfiles.main - INFO - 1 change detected
2026-05-13 18:23:54 - watchfiles.main - INFO - 1 change detected
2026-05-13 18:23:54 - watchfiles.main - INFO - 1 change detected
2026-05-13 18:23:54 - watchfiles.main - INFO - 1 change detected
2026-05-13 18:23:55 - watchfiles.main - INFO - 1 change detected
2026-05-13 18:23:55 - watchfiles.main - INFO - 1 change detected
2026-05-13 18:23:56 - watchfiles.main - INFO - 1 change detected
2026-05-13 18:23:56 - watchfiles.main - INFO - 1 change detected
2026-05-13 18:23:56 - watchfiles.main - INFO - 1 change detected
2026-05-13 18:23:57 - watchfiles.main - INFO - 1 change detected
2026-05-13 18:23:57 - watchfiles.main - INFO - 1 change detected
2026-05-13 18:23:57 - watchfiles.main - INFO - 1 change detected
2026-05-13 18:23:58 - watchfiles.main - INFO - 1 change detected
2026-05-13 18:23:58 - watchfiles.main - INFO - 1 change detected
2026-05-13 18:23:58 - watchfiles.main - INFO - 1 change detected
2026-05-13 18:23:59 - watchfiles.main - INFO - 1 change detected
2026-05-13 18:23:59 - watchfiles.main - INFO - 1 change detected
2026-05-13 18:24:00 - watchfiles.main - INFO - 1 change detected
2026-05-13 18:24:00 - watchfiles.main - INFO - 1 change detected
2026-05-13 18:24:00 - watchfiles.main - INFO - 1 change detected
2026-05-13 18:24:01 - watchfiles.main - INFO - 1 change detected
2026-05-13 18:24:01 - watchfiles.main - INFO - 1 change detected
2026-05-13 18:24:01 - watchfiles.main - INFO - 1 change detected
2026-05-13 18:24:02 - watchfiles.main - INFO - 1 change detected
2026-05-13 18:24:02 - watchfiles.main - INFO - 1 change detected
2026-05-13 18:24:03 - watchfiles.main - INFO - 1 change detected
2026-05-13 18:24:03 - watchfiles.main - INFO - 1 change detected
2026-05-13 18:24:03 - watchfiles.main - INFO - 1 change detected
2026-05-13 18:24:04 - watchfiles.main - INFO - 1 change detected
2026-05-13 18:24:04 - watchfiles.main - INFO - 1 change detected
2026-05-13 18:24:04 - watchfiles.main - INFO - 1 change detected
2026-05-13 18:24:05 - watchfiles.main - INFO - 1 change detected
2026-05-13 18:24:05 - watchfiles.main - INFO - 1 change detected
2026-05-13 18:24:05 - watchfiles.main - INFO - 1 change detected
2026-05-13 18:24:06 - watchfiles.main - INFO - 1 change detected
2026-05-13 18:24:06 - watchfiles.main - INFO - 1 change detected
2026-05-13 18:24:07 - watchfiles.main - INFO - 1 change detected
2026-05-13 18:24:07 - watchfiles.main - INFO - 1 change detected
2026-05-13 18:24:07 - watchfiles.main - INFO - 1 change detected
2026-05-13 18:24:08 - watchfiles.main - INFO - 1 change detected
2026-05-13 18:24:08 - watchfiles.main - INFO - 1 change detected
2026-05-13 18:24:08 - watchfiles.main - INFO - 1 change detected
2026-05-13 18:24:09 - watchfiles.main - INFO - 1 change detected
2026-05-13 18:24:09 - watchfiles.main - INFO - 1 change detected
2026-05-13 18:24:09 - watchfiles.main - INFO - 1 change detected
2026-05-13 18:24:10 - watchfiles.main - INFO - 1 change detected
2026-05-13 18:24:10 - watchfiles.main - INFO - 1 change detected
2026-05-13 18:24:11 - watchfiles.main - INFO - 1 change detected
2026-05-13 18:24:11 - watchfiles.main - INFO - 1 change detected
2026-05-13 18:24:11 - watchfiles.main - INFO - 1 change detected
2026-05-13 18:24:12 - watchfiles.main - INFO - 1 change detected
2026-05-13 18:24:12 - watchfiles.main - INFO - 1 change detected
2026-05-13 18:24:12 - watchfiles.main - INFO - 1 change detected
2026-05-13 18:24:13 - watchfiles.main - INFO - 1 change detected
2026-05-13 18:24:13 - watchfiles.main - INFO - 1 change detected
2026-05-13 18:24:14 - watchfiles.main - INFO - 1 change detected
2026-05-13 18:24:14 - watchfiles.main - INFO - 1 change detected
2026-05-13 18:24:14 - watchfiles.main - INFO - 1 change detected
2026-05-13 18:24:15 - watchfiles.main - INFO - 1 change detected
2026-05-13 18:24:15 - watchfiles.main - INFO - 1 change detected
2026-05-13 18:24:15 - watchfiles.main - INFO - 1 change detected
2026-05-13 18:24:16 - watchfiles.main - INFO - 1 change detected
2026-05-13 18:24:16 - watchfiles.main - INFO - 1 change detected
2026-05-13 18:24:16 - watchfiles.main - INFO - 1 change detected
2026-05-13 18:24:17 - watchfiles.main - INFO - 1 change detected
2026-05-13 18:24:17 - watchfiles.main - INFO - 1 change detected
2026-05-13 18:24:18 - watchfiles.main - INFO - 1 change detected
2026-05-13 18:24:18 - watchfiles.main - INFO - 1 change detected
2026-05-13 18:24:18 - watchfiles.main - INFO - 1 change detected
2026-05-13 18:24:19 - watchfiles.main - INFO - 1 change detected
2026-05-13 18:24:19 - watchfiles.main - INFO - 1 change detected
2026-05-13 18:24:20 - watchfiles.main - INFO - 1 change detected
2026-05-13 18:24:20 - watchfiles.main - INFO - 1 change detected
2026-05-13 18:24:20 - watchfiles.main - INFO - 1 change detected
2026-05-13 18:24:21 - watchfiles.main - INFO - 1 change detected
2026-05-13 18:24:21 - watchfiles.main - INFO - 1 change detected
2026-05-13 18:24:21 - watchfiles.main - INFO - 1 change detected
2026-05-13 18:24:22 - watchfiles.main - INFO - 1 change detected
2026-05-13 18:24:22 - watchfiles.main - INFO - 1 change detected
2026-05-13 18:24:23 - watchfiles.main - INFO - 1 change detected
2026-05-13 18:24:23 - watchfiles.main - INFO - 1 change detected
2026-05-13 18:24:23 - watchfiles.main - INFO - 1 change detected
2026-05-13 18:24:24 - watchfiles.main - INFO - 1 change detected
2026-05-13 18:24:24 - watchfiles.main - INFO - 1 change detected
2026-05-13 18:24:24 - watchfiles.main - INFO - 1 change detected
2026-05-13 18:24:25 - watchfiles.main - INFO - 1 change detected
2026-05-13 18:24:25 - watchfiles.main - INFO - 1 change detected
2026-05-13 18:24:26 - watchfiles.main - INFO - 1 change detected
2026-05-13 18:24:26 - watchfiles.main - INFO - 1 change detected
2026-05-13 18:24:26 - watchfiles.main - INFO - 1 change detected
2026-05-13 18:24:27 - watchfiles.main - INFO - 1 change detected
2026-05-13 18:24:27 - watchfiles.main - INFO - 1 change detected
2026-05-13 18:24:27 - watchfiles.main - INFO - 1 change detected
2026-05-13 18:24:28 - watchfiles.main - INFO - 1 change detected
2026-05-13 18:24:28 - watchfiles.main - INFO - 1 change detected
2026-05-13 18:24:28 - watchfiles.main - INFO - 1 change detected
2026-05-13 18:24:29 - watchfiles.main - INFO - 1 change detected
2026-05-13 18:24:29 - watchfiles.main - INFO - 1 change detected
2026-05-13 18:24:29 - watchfiles.main - INFO - 1 change detected
2026-05-13 18:24:30 - watchfiles.main - INFO - 1 change detected
2026-05-13 18:24:31 - watchfiles.main - INFO - 1 change detected
2026-05-13 18:24:31 - watchfiles.main - INFO - 1 change detected
2026-05-13 18:24:32 - watchfiles.main - INFO - 1 change detected
2026-05-13 18:24:32 - watchfiles.main - INFO - 1 change detected
2026-05-13 18:24:33 - watchfiles.main - INFO - 1 change detected
2026-05-13 18:24:33 - watchfiles.main - INFO - 1 change detected
2026-05-13 18:24:33 - watchfiles.main - INFO - 1 change detected
2026-05-13 18:24:34 - watchfiles.main - INFO - 1 change detected
2026-05-13 18:24:34 - watchfiles.main - INFO - 1 change detected
2026-05-13 18:24:35 - watchfiles.main - INFO - 1 change detected
2026-05-13 18:24:35 - watchfiles.main - INFO - 1 change detected
2026-05-13 18:24:35 - watchfiles.main - INFO - 1 change detected
2026-05-13 18:24:36 - watchfiles.main - INFO - 1 change detected
2026-05-13 18:24:36 - watchfiles.main - INFO - 1 change detected
2026-05-13 18:24:37 - watchfiles.main - INFO - 1 change detected
2026-05-13 18:24:37 - watchfiles.main - INFO - 1 change detected
2026-05-13 18:24:37 - watchfiles.main - INFO - 1 change detected
2026-05-13 18:24:38 - watchfiles.main - INFO - 1 change detected
2026-05-13 18:24:38 - watchfiles.main - INFO - 1 change detected
2026-05-13 18:24:39 - watchfiles.main - INFO - 1 change detected
2026-05-13 18:24:39 - watchfiles.main - INFO - 1 change detected
2026-05-13 18:24:39 - watchfiles.main - INFO - 1 change detected
2026-05-13 18:24:40 - watchfiles.main - INFO - 1 change detected
2026-05-13 18:24:40 - watchfiles.main - INFO - 1 change detected
2026-05-13 18:24:40 - watchfiles.main - INFO - 1 change detected
2026-05-13 18:24:41 - watchfiles.main - INFO - 1 change detected
2026-05-13 18:24:41 - watchfiles.main - INFO - 1 change detected
2026-05-13 18:24:41 - watchfiles.main - INFO - 1 change detected
2026-05-13 18:24:42 - watchfiles.main - INFO - 1 change detected
2026-05-13 18:24:42 - watchfiles.main - INFO - 1 change detected
2026-05-13 18:24:43 - watchfiles.main - INFO - 1 change detected
2026-05-13 18:24:43 - watchfiles.main - INFO - 1 change detected
2026-05-13 18:24:43 - watchfiles.main - INFO - 1 change detected
2026-05-13 18:24:44 - watchfiles.main - INFO - 1 change detected
2026-05-13 18:24:44 - watchfiles.main - INFO - 1 change detected
2026-05-13 18:24:44 - watchfiles.main - INFO - 1 change detected
2026-05-13 18:24:45 - watchfiles.main - INFO - 1 change detected
2026-05-13 18:24:45 - watchfiles.main - INFO - 1 change detected
2026-05-13 18:24:45 - watchfiles.main - INFO - 1 change detected
2026-05-13 18:24:46 - watchfiles.main - INFO - 1 change detected
2026-05-13 18:24:46 - watchfiles.main - INFO - 1 change detected
2026-05-13 18:24:46 - watchfiles.main - INFO - 1 change detected
2026-05-13 18:24:47 - watchfiles.main - INFO - 1 change detected
2026-05-13 18:24:47 - watchfiles.main - INFO - 1 change detected
2026-05-13 18:24:48 - watchfiles.main - INFO - 1 change detected
2026-05-13 18:24:48 - watchfiles.main - INFO - 1 change detected
2026-05-13 18:24:48 - watchfiles.main - INFO - 1 change detected
2026-05-13 18:24:49 - watchfiles.main - INFO - 1 change detected
2026-05-13 18:24:49 - watchfiles.main - INFO - 1 change detected
2026-05-13 18:24:49 - watchfiles.main - INFO - 1 change detected
2026-05-13 18:24:50 - watchfiles.main - INFO - 1 change detected
2026-05-13 18:24:50 - watchfiles.main - INFO - 1 change detected
2026-05-13 18:24:50 - watchfiles.main - INFO - 1 change detected
2026-05-13 18:24:51 - watchfiles.main - INFO - 1 change detected
2026-05-13 18:24:51 - watchfiles.main - INFO - 1 change detected
2026-05-13 18:24:52 - watchfiles.main - INFO - 1 change detected
2026-05-13 18:24:52 - watchfiles.main - INFO - 1 change detected
2026-05-13 18:24:52 - watchfiles.main - INFO - 1 change detected
2026-05-13 18:24:53 - watchfiles.main - INFO - 1 change detected
2026-05-13 18:24:53 - watchfiles.main - INFO - 1 change detected
2026-05-13 18:24:53 - watchfiles.main - INFO - 1 change detected
2026-05-13 18:24:54 - watchfiles.main - INFO - 1 change detected
2026-05-13 18:24:54 - watchfiles.main - INFO - 1 change detected
2026-05-13 18:24:54 - watchfiles.main - INFO - 1 change detected
2026-05-13 18:24:55 - watchfiles.main - INFO - 1 change detected
2026-05-13 18:24:55 - watchfiles.main - INFO - 1 change detected
2026-05-13 18:24:55 - watchfiles.main - INFO - 1 change detected
2026-05-13 18:24:56 - watchfiles.main - INFO - 1 change detected
2026-05-13 18:24:56 - watchfiles.main - INFO - 1 change detected
2026-05-13 18:24:57 - watchfiles.main - INFO - 1 change detected
2026-05-13 18:24:57 - watchfiles.main - INFO - 1 change detected
2026-05-13 18:24:57 - watchfiles.main - INFO - 1 change detected
2026-05-13 18:24:58 - watchfiles.main - INFO - 1 change detected
2026-05-13 18:24:58 - watchfiles.main - INFO - 1 change detected
2026-05-13 18:24:58 - watchfiles.main - INFO - 1 change detected
2026-05-13 18:24:59 - watchfiles.main - INFO - 1 change detected
2026-05-13 18:24:59 - watchfiles.main - INFO - 1 change detected
2026-05-13 18:24:59 - watchfiles.main - INFO - 1 change detected
2026-05-13 18:25:00 - watchfiles.main - INFO - 1 change detected
2026-05-13 18:25:00 - watchfiles.main - INFO - 1 change detected
2026-05-13 18:25:01 - watchfiles.main - INFO - 1 change detected
2026-05-13 18:25:01 - watchfiles.main - INFO - 1 change detected
2026-05-13 18:25:02 - watchfiles.main - INFO - 1 change detected
2026-05-13 18:25:02 - watchfiles.main - INFO - 1 change detected
2026-05-13 18:25:02 - watchfiles.main - INFO - 1 change detected
2026-05-13 18:25:03 - watchfiles.main - INFO - 1 change detected
2026-05-13 18:25:03 - watchfiles.main - INFO - 1 change detected
2026-05-13 18:25:03 - watchfiles.main - INFO - 1 change detected
2026-05-13 18:25:04 - watchfiles.main - INFO - 1 change detected
2026-05-13 18:25:04 - watchfiles.main - INFO - 1 change detected
2026-05-13 18:25:04 - watchfiles.main - INFO - 1 change detected
2026-05-13 18:25:05 - watchfiles.main - INFO - 1 change detected
2026-05-13 18:25:05 - watchfiles.main - INFO - 1 change detected
2026-05-13 18:25:06 - watchfiles.main - INFO - 1 change detected
2026-05-13 18:25:06 - watchfiles.main - INFO - 1 change detected
2026-05-13 18:25:06 - watchfiles.main - INFO - 1 change detected
2026-05-13 18:25:07 - watchfiles.main - INFO - 1 change detected
2026-05-13 18:25:07 - watchfiles.main - INFO - 1 change detected
2026-05-13 18:25:07 - watchfiles.main - INFO - 1 change detected
2026-05-13 18:25:08 - watchfiles.main - INFO - 1 change detected
2026-05-13 18:25:08 - watchfiles.main - INFO - 1 change detected
2026-05-13 18:25:08 - watchfiles.main - INFO - 1 change detected
2026-05-13 18:25:09 - watchfiles.main - INFO - 1 change detected
2026-05-13 18:25:09 - watchfiles.main - INFO - 1 change detected
2026-05-13 18:25:10 - watchfiles.main - INFO - 1 change detected
2026-05-13 18:25:10 - watchfiles.main - INFO - 1 change detected
2026-05-13 18:25:10 - watchfiles.main - INFO - 1 change detected
2026-05-13 18:25:11 - watchfiles.main - INFO - 1 change detected
2026-05-13 18:25:11 - watchfiles.main - INFO - 1 change detected
2026-05-13 18:25:11 - watchfiles.main - INFO - 1 change detected
2026-05-13 18:25:12 - watchfiles.main - INFO - 1 change detected
2026-05-13 18:25:12 - watchfiles.main - INFO - 1 change detected
2026-05-13 18:25:12 - watchfiles.main - INFO - 1 change detected
2026-05-13 18:25:13 - watchfiles.main - INFO - 1 change detected
2026-05-13 18:25:13 - watchfiles.main - INFO - 1 change detected
2026-05-13 18:25:14 - watchfiles.main - INFO - 1 change detected
2026-05-13 18:25:14 - watchfiles.main - INFO - 1 change detected
2026-05-13 18:25:14 - watchfiles.main - INFO - 1 change detected
2026-05-13 18:25:15 - watchfiles.main - INFO - 1 change detected
2026-05-13 18:25:15 - watchfiles.main - INFO - 1 change detected
2026-05-13 18:25:15 - watchfiles.main - INFO - 1 change detected
2026-05-13 18:25:16 - watchfiles.main - INFO - 1 change detected
2026-05-13 18:25:16 - watchfiles.main - INFO - 1 change detected
2026-05-13 18:25:16 - watchfiles.main - INFO - 1 change detected
2026-05-13 18:25:17 - watchfiles.main - INFO - 1 change detected
2026-05-13 18:25:17 - watchfiles.main - INFO - 1 change detected
2026-05-13 18:25:18 - watchfiles.main - INFO - 1 change detected
2026-05-13 18:25:18 - watchfiles.main - INFO - 1 change detected
2026-05-13 18:25:18 - watchfiles.main - INFO - 1 change detected
2026-05-13 18:25:19 - watchfiles.main - INFO - 1 change detected
2026-05-13 18:25:19 - watchfiles.main - INFO - 1 change detected
2026-05-13 18:25:21 - watchfiles.main - INFO - 1 change detected
2026-05-13 18:25:21 - watchfiles.main - INFO - 1 change detected
2026-05-13 18:25:21 - watchfiles.main - INFO - 1 change detected
2026-05-13 18:25:22 - watchfiles.main - INFO - 1 change detected
2026-05-13 18:25:22 - watchfiles.main - INFO - 1 change detected
2026-05-13 18:25:22 - watchfiles.main - INFO - 1 change detected
2026-05-13 18:25:23 - watchfiles.main - INFO - 1 change detected
2026-05-13 18:25:23 - watchfiles.main - INFO - 1 change detected
2026-05-13 18:25:23 - watchfiles.main - INFO - 1 change detected
2026-05-13 18:25:24 - watchfiles.main - INFO - 1 change detected
2026-05-13 18:25:24 - watchfiles.main - INFO - 1 change detected
2026-05-13 18:25:25 - watchfiles.main - INFO - 1 change detected
2026-05-13 18:25:25 - watchfiles.main - INFO - 1 change detected
2026-05-13 18:25:25 - watchfiles.main - INFO - 1 change detected
2026-05-13 18:25:26 - watchfiles.main - INFO - 1 change detected
2026-05-13 18:25:26 - watchfiles.main - INFO - 1 change detected
2026-05-13 18:25:26 - watchfiles.main - INFO - 1 change detected
2026-05-13 18:25:27 - watchfiles.main - INFO - 1 change detected
2026-05-13 18:25:27 - watchfiles.main - INFO - 1 change detected
2026-05-13 18:25:27 - watchfiles.main - INFO - 1 change detected
2026-05-13 18:25:28 - watchfiles.main - INFO - 1 change detected
2026-05-13 18:25:28 - watchfiles.main - INFO - 1 change detected
2026-05-13 18:25:29 - watchfiles.main - INFO - 1 change detected
2026-05-13 18:25:29 - watchfiles.main - INFO - 1 change detected
2026-05-13 18:25:29 - watchfiles.main - INFO - 1 change detected
2026-05-13 18:25:30 - watchfiles.main - INFO - 1 change detected
2026-05-13 18:25:30 - watchfiles.main - INFO - 1 change detected
2026-05-13 18:25:30 - watchfiles.main - INFO - 1 change detected
2026-05-13 18:25:31 - watchfiles.main - INFO - 1 change detected
2026-05-13 18:25:31 - watchfiles.main - INFO - 1 change detected
2026-05-13 18:25:32 - watchfiles.main - INFO - 1 change detected
2026-05-13 18:25:32 - watchfiles.main - INFO - 1 change detected
2026-05-13 18:25:32 - watchfiles.main - INFO - 1 change detected
2026-05-13 18:25:33 - watchfiles.main - INFO - 1 change detected
2026-05-13 18:25:33 - watchfiles.main - INFO - 1 change detected
2026-05-13 18:25:33 - watchfiles.main - INFO - 1 change detected
2026-05-13 18:25:34 - watchfiles.main - INFO - 1 change detected
2026-05-13 18:25:34 - watchfiles.main - INFO - 1 change detected
2026-05-13 18:25:35 - watchfiles.main - INFO - 1 change detected
2026-05-13 18:25:35 - watchfiles.main - INFO - 1 change detected
2026-05-13 18:25:35 - watchfiles.main - INFO - 1 change detected
2026-05-13 18:25:36 - watchfiles.main - INFO - 1 change detected
2026-05-13 18:25:36 - watchfiles.main - INFO - 1 change detected
2026-05-13 18:25:36 - watchfiles.main - INFO - 1 change detected
2026-05-13 18:25:37 - watchfiles.main - INFO - 1 change detected
2026-05-13 18:25:37 - watchfiles.main - INFO - 1 change detected
2026-05-13 18:25:38 - watchfiles.main - INFO - 1 change detected
2026-05-13 18:25:38 - watchfiles.main - INFO - 1 change detected
2026-05-13 18:25:38 - watchfiles.main - INFO - 1 change detected
2026-05-13 18:25:39 - watchfiles.main - INFO - 1 change detected
2026-05-13 18:25:39 - watchfiles.main - INFO - 1 change detected
2026-05-13 18:25:39 - watchfiles.main - INFO - 1 change detected
2026-05-13 18:25:40 - watchfiles.main - INFO - 1 change detected
2026-05-13 18:25:40 - watchfiles.main - INFO - 1 change detected
2026-05-13 18:25:40 - watchfiles.main - INFO - 1 change detected
2026-05-13 18:25:41 - watchfiles.main - INFO - 1 change detected
2026-05-13 18:25:41 - watchfiles.main - INFO - 1 change detected
2026-05-13 18:25:41 - watchfiles.main - INFO - 1 change detected
2026-05-13 18:25:42 - watchfiles.main - INFO - 1 change detected
2026-05-13 18:25:42 - watchfiles.main - INFO - 2 changes detected
2026-05-13 18:25:43 - watchfiles.main - INFO - 1 change detected
2026-05-13 18:25:43 - watchfiles.main - INFO - 1 change detected
2026-05-13 18:25:43 - watchfiles.main - INFO - 1 change detected
2026-05-13 18:25:44 - watchfiles.main - INFO - 1 change detected
2026-05-13 18:25:44 - watchfiles.main - INFO - 1 change detected
2026-05-13 18:25:45 - watchfiles.main - INFO - 6 changes detected
2026-05-13 18:25:45 - watchfiles.main - INFO - 1 change detected
2026-05-13 18:25:45 - watchfiles.main - INFO - 1 change detected
2026-05-13 18:25:46 - watchfiles.main - INFO - 1 change detected
2026-05-13 18:25:46 - watchfiles.main - INFO - 1 change detected
2026-05-13 18:25:46 - watchfiles.main - INFO - 1 change detected
2026-05-13 18:25:47 - watchfiles.main - INFO - 1 change detected
2026-05-13 18:25:47 - main - INFO - ================================================================================
2026-05-13 18:25:47 - main - INFO - Starting AI Video Generator API...
2026-05-13 18:25:47 - main - INFO - ================================================================================
2026-05-13 18:25:47 - main - INFO - [Startup] Configuration:
2026-05-13 18:25:47 - main - INFO -   - Host: 0.0.0.0
2026-05-13 18:25:47 - main - INFO -   - Port: 8000
2026-05-13 18:25:47 - main - INFO -   - Debug Mode: True
2026-05-13 18:25:47 - main - INFO -   - Log Level: INFO
2026-05-13 18:25:47 - main - INFO -   - Allowed Origins: 4 origins
2026-05-13 18:25:47 - main - INFO - [Startup] Validating environment variables...
2026-05-13 18:25:47 - utils.env_validator - INFO - [EnvValidator] Loaded environment variables from .env
2026-05-13 18:25:47 - utils.env_validator - INFO - [EnvValidator] Starting environment variable validation...
2026-05-13 18:25:47 - utils.env_validator - INFO - [EnvValidator] Validating 4 required variables
2026-05-13 18:25:47 - utils.env_validator - INFO - [EnvValidator] Validating 11 optional variables
2026-05-13 18:25:47 - utils.env_validator - INFO - [EnvValidator] ✓ SECRET_KEY - Valid
2026-05-13 18:25:47 - utils.env_validator - INFO - [EnvValidator] ✓ OPENAI_API_KEY - Valid
2026-05-13 18:25:47 - utils.env_validator - INFO - [EnvValidator] ✓ ELEVENLABS_API_KEY - Valid
2026-05-13 18:25:47 - utils.env_validator - INFO - [EnvValidator] ✓ REPLICATE_API_TOKEN - Valid
2026-05-13 18:25:47 - utils.env_validator - INFO - [EnvValidator] ✓ HUGGINGFACE_API_KEY - Valid (optional)
2026-05-13 18:25:47 - utils.env_validator - WARNING - [EnvValidator] ⚠ DATABASE_URL - Optional environment variable 'DATABASE_URL' is not set
2026-05-13 18:25:47 - utils.env_validator - WARNING - [EnvValidator] ⚠ REDIS_URL - Optional environment variable 'REDIS_URL' is not set
2026-05-13 18:25:47 - utils.env_validator - WARNING - [EnvValidator] ⚠ CLOUDINARY_CLOUD_NAME - Optional environment variable 'CLOUDINARY_CLOUD_NAME' is not set
2026-05-13 18:25:47 - utils.env_validator - WARNING - [EnvValidator] ⚠ CLOUDINARY_API_KEY - Optional environment variable 'CLOUDINARY_API_KEY' is not set
2026-05-13 18:25:47 - utils.env_validator - WARNING - [EnvValidator] ⚠ CLOUDINARY_API_SECRET - Optional environment variable 'CLOUDINARY_API_SECRET' is not set
2026-05-13 18:25:47 - utils.env_validator - WARNING - [EnvValidator] ⚠ AWS_ACCESS_KEY_ID - Optional environment variable 'AWS_ACCESS_KEY_ID' is not set
2026-05-13 18:25:47 - utils.env_validator - WARNING - [EnvValidator] ⚠ AWS_SECRET_ACCESS_KEY - Optional environment variable 'AWS_SECRET_ACCESS_KEY' is not set
2026-05-13 18:25:47 - utils.env_validator - WARNING - [EnvValidator] ⚠ AWS_REGION - Optional environment variable 'AWS_REGION' is not set
2026-05-13 18:25:47 - utils.env_validator - WARNING - [EnvValidator] ⚠ AWS_S3_BUCKET - Optional environment variable 'AWS_S3_BUCKET' is not set
2026-05-13 18:25:47 - utils.env_validator - WARNING - [EnvValidator] ⚠ FFMPEG_PATH - Optional environment variable 'FFMPEG_PATH' is not set
2026-05-13 18:25:47 - utils.env_validator - INFO - [EnvValidator] ✓ Environment validation passed
2026-05-13 18:25:47 - main - INFO - [Startup] Environment validation passed (0.08s)
2026-05-13 18:25:47 - main - INFO - [Startup] Initializing database...
2026-05-13 18:25:47 - database.database - WARNING - DATABASE_URL not configured, using SQLite
2026-05-13 18:25:47 - sqlalchemy.engine.Engine - INFO - BEGIN (implicit)
2026-05-13 18:25:47 - sqlalchemy.engine.Engine - INFO - PRAGMA main.table_info("users")
2026-05-13 18:25:47 - watchfiles.main - INFO - 1 change detected
2026-05-13 18:25:47 - sqlalchemy.engine.Engine - INFO - [raw sql] ()
2026-05-13 18:25:47 - sqlalchemy.engine.Engine - INFO - PRAGMA main.table_info("projects")
2026-05-13 18:25:47 - sqlalchemy.engine.Engine - INFO - [raw sql] ()
2026-05-13 18:25:47 - sqlalchemy.engine.Engine - INFO - PRAGMA main.table_info("scenes")
2026-05-13 18:25:47 - sqlalchemy.engine.Engine - INFO - [raw sql] ()
2026-05-13 18:25:47 - sqlalchemy.engine.Engine - INFO - PRAGMA main.table_info("generated_assets")
2026-05-13 18:25:47 - sqlalchemy.engine.Engine - INFO - [raw sql] ()
2026-05-13 18:25:47 - sqlalchemy.engine.Engine - INFO - COMMIT
2026-05-13 18:25:47 - database.database - INFO - Database initialized successfully
2026-05-13 18:25:47 - main - INFO - [Startup] Database initialized successfully (0.16s)
2026-05-13 18:25:47 - main - INFO - [Startup] Startup completed in 0.29s
2026-05-13 18:25:47 - main - INFO - ================================================================================
2026-05-13 18:25:47 - main - INFO - ================================================================================
2026-05-13 18:25:47 - main - INFO - Starting AI Video Generator API...
2026-05-13 18:25:47 - main - INFO - ================================================================================
2026-05-13 18:25:47 - main - INFO - [Startup] Configuration:
2026-05-13 18:25:47 - main - INFO -   - Host: 0.0.0.0
2026-05-13 18:25:47 - main - INFO -   - Port: 8000
2026-05-13 18:25:47 - main - INFO -   - Debug Mode: True
2026-05-13 18:25:47 - main - INFO -   - Log Level: INFO
2026-05-13 18:25:47 - main - INFO -   - Allowed Origins: 4 origins
2026-05-13 18:25:47 - main - INFO - [Startup] Validating environment variables...
2026-05-13 18:25:47 - utils.env_validator - INFO - [EnvValidator] Loaded environment variables from .env
2026-05-13 18:25:47 - utils.env_validator - INFO - [EnvValidator] Starting environment variable validation...
2026-05-13 18:25:47 - utils.env_validator - INFO - [EnvValidator] Validating 4 required variables
2026-05-13 18:25:47 - utils.env_validator - INFO - [EnvValidator] Validating 11 optional variables
2026-05-13 18:25:47 - utils.env_validator - INFO - [EnvValidator] ✓ SECRET_KEY - Valid
2026-05-13 18:25:47 - utils.env_validator - INFO - [EnvValidator] ✓ OPENAI_API_KEY - Valid
2026-05-13 18:25:47 - utils.env_validator - INFO - [EnvValidator] ✓ ELEVENLABS_API_KEY - Valid
2026-05-13 18:25:47 - utils.env_validator - INFO - [EnvValidator] ✓ REPLICATE_API_TOKEN - Valid
2026-05-13 18:25:47 - utils.env_validator - INFO - [EnvValidator] ✓ HUGGINGFACE_API_KEY - Valid (optional)
2026-05-13 18:25:47 - utils.env_validator - WARNING - [EnvValidator] ⚠ DATABASE_URL - Optional environment variable 'DATABASE_URL' is not set
2026-05-13 18:25:47 - utils.env_validator - WARNING - [EnvValidator] ⚠ REDIS_URL - Optional environment variable 'REDIS_URL' is not set
2026-05-13 18:25:47 - utils.env_validator - WARNING - [EnvValidator] ⚠ CLOUDINARY_CLOUD_NAME - Optional environment variable 'CLOUDINARY_CLOUD_NAME' is not set
2026-05-13 18:25:47 - utils.env_validator - WARNING - [EnvValidator] ⚠ CLOUDINARY_API_KEY - Optional environment variable 'CLOUDINARY_API_KEY' is not set
2026-05-13 18:25:47 - utils.env_validator - WARNING - [EnvValidator] ⚠ CLOUDINARY_API_SECRET - Optional environment variable 'CLOUDINARY_API_SECRET' is not set
2026-05-13 18:25:47 - utils.env_validator - WARNING - [EnvValidator] ⚠ AWS_ACCESS_KEY_ID - Optional environment variable 'AWS_ACCESS_KEY_ID' is not set
2026-05-13 18:25:47 - utils.env_validator - WARNING - [EnvValidator] ⚠ AWS_SECRET_ACCESS_KEY - Optional environment variable 'AWS_SECRET_ACCESS_KEY' is not set
2026-05-13 18:25:47 - utils.env_validator - WARNING - [EnvValidator] ⚠ AWS_REGION - Optional environment variable 'AWS_REGION' is not set
2026-05-13 18:25:47 - utils.env_validator - WARNING - [EnvValidator] ⚠ AWS_S3_BUCKET - Optional environment variable 'AWS_S3_BUCKET' is not set
2026-05-13 18:25:47 - utils.env_validator - WARNING - [EnvValidator] ⚠ FFMPEG_PATH - Optional environment variable 'FFMPEG_PATH' is not set
2026-05-13 18:25:47 - utils.env_validator - INFO - [EnvValidator] ✓ Environment validation passed
2026-05-13 18:25:47 - main - INFO - [Startup] Environment validation passed (0.09s)
2026-05-13 18:25:47 - main - INFO - [Startup] Initializing database...
2026-05-13 18:25:47 - database.database - WARNING - DATABASE_URL not configured, using SQLite
2026-05-13 18:25:47 - sqlalchemy.engine.Engine - INFO - BEGIN (implicit)
2026-05-13 18:25:47 - sqlalchemy.engine.Engine - INFO - PRAGMA main.table_info("users")
2026-05-13 18:25:47 - sqlalchemy.engine.Engine - INFO - [raw sql] ()
2026-05-13 18:25:47 - sqlalchemy.engine.Engine - INFO - PRAGMA main.table_info("projects")
2026-05-13 18:25:47 - sqlalchemy.engine.Engine - INFO - [raw sql] ()
2026-05-13 18:25:47 - sqlalchemy.engine.Engine - INFO - PRAGMA main.table_info("scenes")
2026-05-13 18:25:47 - sqlalchemy.engine.Engine - INFO - [raw sql] ()
2026-05-13 18:25:47 - sqlalchemy.engine.Engine - INFO - PRAGMA main.table_info("generated_assets")
2026-05-13 18:25:47 - sqlalchemy.engine.Engine - INFO - [raw sql] ()
2026-05-13 18:25:47 - sqlalchemy.engine.Engine - INFO - COMMIT
2026-05-13 18:25:47 - database.database - INFO - Database initialized successfully
2026-05-13 18:25:47 - main - INFO - [Startup] Database initialized successfully (0.09s)
2026-05-13 18:25:47 - main - INFO - [Startup] Startup completed in 0.22s
2026-05-13 18:25:47 - main - INFO - ================================================================================
2026-05-13 18:25:48 - watchfiles.main - INFO - 1 change detected
2026-05-13 18:25:48 - watchfiles.main - INFO - 1 change detected
2026-05-13 18:25:48 - watchfiles.main - INFO - 1 change detected
2026-05-13 18:25:49 - watchfiles.main - INFO - 1 change detected
2026-05-13 18:25:49 - watchfiles.main - INFO - 1 change detected
2026-05-13 18:25:49 - watchfiles.main - INFO - 1 change detected
2026-05-13 18:25:50 - watchfiles.main - INFO - 1 change detected
2026-05-13 18:25:50 - watchfiles.main - INFO - 1 change detected
2026-05-13 18:25:50 - watchfiles.main - INFO - 1 change detected
2026-05-13 18:25:51 - watchfiles.main - INFO - 1 change detected
2026-05-13 18:25:51 - watchfiles.main - INFO - 1 change detected
2026-05-13 18:25:52 - watchfiles.main - INFO - 1 change detected
2026-05-13 18:25:52 - watchfiles.main - INFO - 1 change detected
2026-05-13 18:25:52 - watchfiles.main - INFO - 1 change detected
2026-05-13 18:25:53 - watchfiles.main - INFO - 1 change detected
2026-05-13 18:25:53 - watchfiles.main - INFO - 1 change detected
2026-05-13 18:25:53 - watchfiles.main - INFO - 1 change detected
2026-05-13 18:25:54 - watchfiles.main - INFO - 1 change detected
2026-05-13 18:25:54 - watchfiles.main - INFO - 1 change detected
2026-05-13 18:25:54 - watchfiles.main - INFO - 1 change detected
2026-05-13 18:25:55 - watchfiles.main - INFO - 1 change detected
2026-05-13 18:25:55 - watchfiles.main - INFO - 1 change detected
2026-05-13 18:25:55 - watchfiles.main - INFO - 1 change detected
2026-05-13 18:25:56 - watchfiles.main - INFO - 1 change detected
2026-05-13 18:25:56 - watchfiles.main - INFO - 1 change detected
2026-05-13 18:25:57 - watchfiles.main - INFO - 1 change detected
2026-05-13 18:25:57 - watchfiles.main - INFO - 1 change detected
2026-05-13 18:25:57 - watchfiles.main - INFO - 1 change detected
2026-05-13 18:25:58 - watchfiles.main - INFO - 1 change detected
2026-05-13 18:25:58 - watchfiles.main - INFO - 1 change detected
2026-05-13 18:25:58 - watchfiles.main - INFO - 1 change detected
2026-05-13 18:25:59 - watchfiles.main - INFO - 1 change detected
2026-05-13 18:25:59 - watchfiles.main - INFO - 1 change detected
2026-05-13 18:26:00 - watchfiles.main - INFO - 1 change detected
2026-05-13 18:26:00 - watchfiles.main - INFO - 1 change detected
2026-05-13 18:26:00 - watchfiles.main - INFO - 1 change detected
2026-05-13 18:26:01 - watchfiles.main - INFO - 1 change detected
2026-05-13 18:26:01 - watchfiles.main - INFO - 1 change detected
2026-05-13 18:26:01 - watchfiles.main - INFO - 1 change detected
2026-05-13 18:26:02 - watchfiles.main - INFO - 1 change detected
2026-05-13 18:26:02 - watchfiles.main - INFO - 1 change detected
2026-05-13 18:26:02 - watchfiles.main - INFO - 1 change detected
2026-05-13 18:26:03 - watchfiles.main - INFO - 1 change detected
2026-05-13 18:26:03 - watchfiles.main - INFO - 1 change detected
2026-05-13 18:26:04 - watchfiles.main - INFO - 1 change detected
2026-05-13 18:26:04 - watchfiles.main - INFO - 1 change detected
2026-05-13 18:26:04 - watchfiles.main - INFO - 1 change detected
2026-05-13 18:26:05 - watchfiles.main - INFO - 1 change detected
2026-05-13 18:26:05 - watchfiles.main - INFO - 1 change detected
2026-05-13 18:26:05 - watchfiles.main - INFO - 1 change detected
2026-05-13 18:26:06 - watchfiles.main - INFO - 1 change detected
2026-05-13 18:26:06 - watchfiles.main - INFO - 1 change detected
2026-05-13 18:26:07 - watchfiles.main - INFO - 1 change detected
2026-05-13 18:26:07 - watchfiles.main - INFO - 1 change detected
2026-05-13 18:26:07 - watchfiles.main - INFO - 1 change detected
2026-05-13 18:26:08 - watchfiles.main - INFO - 1 change detected
2026-05-13 18:26:08 - watchfiles.main - INFO - 1 change detected
2026-05-13 18:26:08 - watchfiles.main - INFO - 1 change detected
2026-05-13 18:26:09 - watchfiles.main - INFO - 1 change detected
2026-05-13 18:26:09 - watchfiles.main - INFO - 1 change detected
2026-05-13 18:26:09 - watchfiles.main - INFO - 1 change detected
2026-05-13 18:26:10 - watchfiles.main - INFO - 1 change detected
2026-05-13 18:26:10 - watchfiles.main - INFO - 1 change detected
2026-05-13 18:26:11 - watchfiles.main - INFO - 1 change detected
2026-05-13 18:26:11 - watchfiles.main - INFO - 1 change detected
2026-05-13 18:26:11 - watchfiles.main - INFO - 1 change detected
2026-05-13 18:26:12 - watchfiles.main - INFO - 1 change detected
2026-05-13 18:26:12 - watchfiles.main - INFO - 1 change detected
2026-05-13 18:26:12 - watchfiles.main - INFO - 1 change detected
2026-05-13 18:26:13 - watchfiles.main - INFO - 1 change detected
2026-05-13 18:26:13 - watchfiles.main - INFO - 1 change detected
2026-05-13 18:26:13 - watchfiles.main - INFO - 1 change detected
2026-05-13 18:26:14 - watchfiles.main - INFO - 1 change detected
2026-05-13 18:26:14 - __main__ - INFO - Starting server on 0.0.0.0:8000
2026-05-13 18:26:14 - watchfiles.main - INFO - 1 change detected
2026-05-13 18:26:15 - watchfiles.main - INFO - 1 change detected
2026-05-13 18:26:15 - watchfiles.main - INFO - 1 change detected
2026-05-13 18:26:15 - watchfiles.main - INFO - 1 change detected
2026-05-13 18:26:15 - watchfiles.main - INFO - 1 change detected
2026-05-13 18:26:15 - watchfiles.main - INFO - 1 change detected
2026-05-13 18:26:15 - watchfiles.main - INFO - 1 change detected
2026-05-13 18:26:16 - watchfiles.main - INFO - 1 change detected
2026-05-13 18:26:16 - watchfiles.main - INFO - 1 change detected
2026-05-13 18:26:16 - watchfiles.main - INFO - 1 change detected
2026-05-13 18:26:16 - watchfiles.main - INFO - 1 change detected
2026-05-13 18:26:16 - watchfiles.main - INFO - 1 change detected
2026-05-13 18:26:16 - watchfiles.main - INFO - 1 change detected
2026-05-13 18:26:17 - watchfiles.main - INFO - 1 change detected
2026-05-13 18:26:17 - watchfiles.main - INFO - 1 change detected
2026-05-13 18:26:17 - watchfiles.main - INFO - 1 change detected
2026-05-13 18:26:17 - main - INFO - ================================================================================
2026-05-13 18:26:17 - watchfiles.main - INFO - 1 change detected
2026-05-13 18:26:17 - main - INFO - Starting AI Video Generator API...
2026-05-13 18:26:17 - main - INFO - ================================================================================
2026-05-13 18:26:17 - main - INFO - [Startup] Configuration:
2026-05-13 18:26:17 - main - INFO -   - Host: 0.0.0.0
2026-05-13 18:26:17 - main - INFO -   - Port: 8000
2026-05-13 18:26:17 - main - INFO -   - Debug Mode: True
2026-05-13 18:26:17 - main - INFO -   - Log Level: INFO
2026-05-13 18:26:17 - main - INFO -   - Allowed Origins: 4 origins
2026-05-13 18:26:17 - main - INFO - [Startup] Validating environment variables...
2026-05-13 18:26:17 - utils.env_validator - INFO - [EnvValidator] Loaded environment variables from .env
2026-05-13 18:26:17 - utils.env_validator - INFO - [EnvValidator] Starting environment variable validation...
2026-05-13 18:26:17 - utils.env_validator - INFO - [EnvValidator] Validating 4 required variables
2026-05-13 18:26:17 - utils.env_validator - INFO - [EnvValidator] Validating 11 optional variables
2026-05-13 18:26:17 - utils.env_validator - INFO - [EnvValidator] ✓ SECRET_KEY - Valid
2026-05-13 18:26:17 - utils.env_validator - INFO - [EnvValidator] ✓ OPENAI_API_KEY - Valid
2026-05-13 18:26:17 - utils.env_validator - INFO - [EnvValidator] ✓ ELEVENLABS_API_KEY - Valid
2026-05-13 18:26:17 - utils.env_validator - INFO - [EnvValidator] ✓ REPLICATE_API_TOKEN - Valid
2026-05-13 18:26:17 - utils.env_validator - INFO - [EnvValidator] ✓ HUGGINGFACE_API_KEY - Valid (optional)
2026-05-13 18:26:17 - utils.env_validator - WARNING - [EnvValidator] ⚠ DATABASE_URL - Optional environment variable 'DATABASE_URL' is not set
2026-05-13 18:26:17 - utils.env_validator - WARNING - [EnvValidator] ⚠ REDIS_URL - Optional environment variable 'REDIS_URL' is not set
2026-05-13 18:26:17 - utils.env_validator - WARNING - [EnvValidator] ⚠ CLOUDINARY_CLOUD_NAME - Optional environment variable 'CLOUDINARY_CLOUD_NAME' is not set
2026-05-13 18:26:17 - utils.env_validator - WARNING - [EnvValidator] ⚠ CLOUDINARY_API_KEY - Optional environment variable 'CLOUDINARY_API_KEY' is not set
2026-05-13 18:26:17 - utils.env_validator - WARNING - [EnvValidator] ⚠ CLOUDINARY_API_SECRET - Optional environment variable 'CLOUDINARY_API_SECRET' is not set
2026-05-13 18:26:17 - utils.env_validator - WARNING - [EnvValidator] ⚠ AWS_ACCESS_KEY_ID - Optional environment variable 'AWS_ACCESS_KEY_ID' is not set
2026-05-13 18:26:17 - utils.env_validator - WARNING - [EnvValidator] ⚠ AWS_SECRET_ACCESS_KEY - Optional environment variable 'AWS_SECRET_ACCESS_KEY' is not set
2026-05-13 18:26:17 - utils.env_validator - WARNING - [EnvValidator] ⚠ AWS_REGION - Optional environment variable 'AWS_REGION' is not set
2026-05-13 18:26:17 - utils.env_validator - WARNING - [EnvValidator] ⚠ AWS_S3_BUCKET - Optional environment variable 'AWS_S3_BUCKET' is not set
2026-05-13 18:26:17 - utils.env_validator - WARNING - [EnvValidator] ⚠ FFMPEG_PATH - Optional environment variable 'FFMPEG_PATH' is not set
2026-05-13 18:26:17 - utils.env_validator - INFO - [EnvValidator] ✓ Environment validation passed
2026-05-13 18:26:17 - main - INFO - [Startup] Environment validation passed (0.07s)
2026-05-13 18:26:17 - main - INFO - [Startup] Initializing database...
2026-05-13 18:26:17 - database.database - WARNING - DATABASE_URL not configured, using SQLite
2026-05-13 18:26:17 - sqlalchemy.engine.Engine - INFO - BEGIN (implicit)
2026-05-13 18:26:17 - sqlalchemy.engine.Engine - INFO - PRAGMA main.table_info("users")
2026-05-13 18:26:17 - sqlalchemy.engine.Engine - INFO - [raw sql] ()
2026-05-13 18:26:17 - sqlalchemy.engine.Engine - INFO - PRAGMA main.table_info("projects")
2026-05-13 18:26:17 - sqlalchemy.engine.Engine - INFO - [raw sql] ()
2026-05-13 18:26:17 - sqlalchemy.engine.Engine - INFO - PRAGMA main.table_info("scenes")
2026-05-13 18:26:17 - sqlalchemy.engine.Engine - INFO - [raw sql] ()
2026-05-13 18:26:17 - sqlalchemy.engine.Engine - INFO - PRAGMA main.table_info("generated_assets")
2026-05-13 18:26:17 - sqlalchemy.engine.Engine - INFO - [raw sql] ()
2026-05-13 18:26:17 - sqlalchemy.engine.Engine - INFO - COMMIT
2026-05-13 18:26:17 - database.database - INFO - Database initialized successfully
2026-05-13 18:26:17 - main - INFO - [Startup] Database initialized successfully (0.10s)
2026-05-13 18:26:17 - main - INFO - [Startup] Startup completed in 0.21s
2026-05-13 18:26:17 - main - INFO - ================================================================================
2026-05-13 18:26:17 - watchfiles.main - INFO - 1 change detected
2026-05-13 18:26:18 - watchfiles.main - INFO - 1 change detected
2026-05-13 18:26:18 - watchfiles.main - INFO - 1 change detected
2026-05-13 18:26:18 - watchfiles.main - INFO - 1 change detected
2026-05-13 18:26:19 - watchfiles.main - INFO - 1 change detected
2026-05-13 18:26:19 - watchfiles.main - INFO - 1 change detected
2026-05-13 18:26:18 - watchfiles.main - INFO - 1 change detected
2026-05-13 18:26:20 - watchfiles.main - INFO - 1 change detected
2026-05-13 18:26:20 - watchfiles.main - INFO - 1 change detected
2026-05-13 18:26:20 - watchfiles.main - INFO - 1 change detected
2026-05-13 18:26:20 - watchfiles.main - INFO - 1 change detected
2026-05-13 18:26:21 - watchfiles.main - INFO - 1 change detected
2026-05-13 18:26:21 - watchfiles.main - INFO - 1 change detected
2026-05-13 18:26:21 - watchfiles.main - INFO - 1 change detected
2026-05-13 18:26:21 - watchfiles.main - INFO - 1 change detected
2026-05-13 18:26:21 - watchfiles.main - INFO - 1 change detected
2026-05-13 18:26:21 - watchfiles.main - INFO - 1 change detected
2026-05-13 18:26:22 - watchfiles.main - INFO - 1 change detected
2026-05-13 18:26:22 - watchfiles.main - INFO - 1 change detected
2026-05-13 18:26:22 - watchfiles.main - INFO - 1 change detected
2026-05-13 18:26:23 - watchfiles.main - INFO - 1 change detected
2026-05-13 18:26:23 - watchfiles.main - INFO - 1 change detected
2026-05-13 18:26:23 - watchfiles.main - INFO - 1 change detected
2026-05-13 18:26:24 - watchfiles.main - INFO - 1 change detected
2026-05-13 18:26:24 - watchfiles.main - INFO - 1 change detected
2026-05-13 18:26:24 - watchfiles.main - INFO - 1 change detected
2026-05-13 18:26:25 - watchfiles.main - INFO - 1 change detected
2026-05-13 18:26:25 - watchfiles.main - INFO - 1 change detected
2026-05-13 18:26:26 - watchfiles.main - INFO - 1 change detected
2026-05-13 18:26:26 - watchfiles.main - INFO - 1 change detected
2026-05-13 18:26:26 - watchfiles.main - INFO - 1 change detected
2026-05-13 18:26:27 - watchfiles.main - INFO - 1 change detected
2026-05-13 18:26:27 - watchfiles.main - INFO - 1 change detected
2026-05-13 18:26:27 - watchfiles.main - INFO - 1 change detected
2026-05-13 18:26:28 - watchfiles.main - INFO - 1 change detected
2026-05-13 18:26:28 - watchfiles.main - INFO - 1 change detected
2026-05-13 18:26:28 - watchfiles.main - INFO - 1 change detected
2026-05-13 18:26:29 - watchfiles.main - INFO - 1 change detected
2026-05-13 18:26:29 - watchfiles.main - INFO - 1 change detected
2026-05-13 18:26:29 - watchfiles.main - INFO - 1 change detected
2026-05-13 18:26:30 - watchfiles.main - INFO - 1 change detected
2026-05-13 18:26:30 - watchfiles.main - INFO - 1 change detected
2026-05-13 18:26:31 - watchfiles.main - INFO - 1 change detected
2026-05-13 18:26:31 - watchfiles.main - INFO - 1 change detected
2026-05-13 18:26:31 - watchfiles.main - INFO - 1 change detected
2026-05-13 18:26:32 - watchfiles.main - INFO - 1 change detected
2026-05-13 18:26:32 - watchfiles.main - INFO - 1 change detected
2026-05-13 18:26:32 - watchfiles.main - INFO - 1 change detected
2026-05-13 18:26:33 - watchfiles.main - INFO - 1 change detected
2026-05-13 18:26:33 - watchfiles.main - INFO - 1 change detected
2026-05-13 18:26:33 - watchfiles.main - INFO - 1 change detected
2026-05-13 18:26:34 - watchfiles.main - INFO - 1 change detected
2026-05-13 18:26:34 - watchfiles.main - INFO - 1 change detected
2026-05-13 18:26:35 - watchfiles.main - INFO - 1 change detected
2026-05-13 18:26:35 - watchfiles.main - INFO - 1 change detected
2026-05-13 18:26:35 - watchfiles.main - INFO - 1 change detected
2026-05-13 18:26:36 - watchfiles.main - INFO - 1 change detected
2026-05-13 18:26:36 - watchfiles.main - INFO - 1 change detected
2026-05-13 18:26:36 - watchfiles.main - INFO - 1 change detected
2026-05-13 18:26:37 - watchfiles.main - INFO - 1 change detected
2026-05-13 18:26:37 - watchfiles.main - INFO - 1 change detected
2026-05-13 18:26:38 - watchfiles.main - INFO - 1 change detected
2026-05-13 18:26:38 - watchfiles.main - INFO - 1 change detected
2026-05-13 18:26:38 - watchfiles.main - INFO - 1 change detected
2026-05-13 18:26:39 - watchfiles.main - INFO - 1 change detected
2026-05-13 18:26:39 - watchfiles.main - INFO - 1 change detected
2026-05-13 18:26:39 - watchfiles.main - INFO - 1 change detected
2026-05-13 18:26:40 - watchfiles.main - INFO - 1 change detected
2026-05-13 18:26:40 - watchfiles.main - INFO - 1 change detected
2026-05-13 18:26:41 - watchfiles.main - INFO - 1 change detected
2026-05-13 18:26:41 - watchfiles.main - INFO - 1 change detected
2026-05-13 18:26:41 - watchfiles.main - INFO - 1 change detected
2026-05-13 18:26:42 - watchfiles.main - INFO - 1 change detected
2026-05-13 18:26:42 - watchfiles.main - INFO - 1 change detected
2026-05-13 18:26:42 - watchfiles.main - INFO - 1 change detected
2026-05-13 18:26:43 - watchfiles.main - INFO - 1 change detected
2026-05-13 18:26:43 - watchfiles.main - INFO - 1 change detected
2026-05-13 18:26:44 - watchfiles.main - INFO - 1 change detected
2026-05-13 18:26:44 - watchfiles.main - INFO - 1 change detected
2026-05-13 18:26:44 - watchfiles.main - INFO - 1 change detected
2026-05-13 18:26:45 - watchfiles.main - INFO - 1 change detected
2026-05-13 18:26:45 - watchfiles.main - INFO - 1 change detected
2026-05-13 18:26:45 - watchfiles.main - INFO - 1 change detected
2026-05-13 18:26:46 - watchfiles.main - INFO - 1 change detected
2026-05-13 18:26:46 - watchfiles.main - INFO - 1 change detected
2026-05-13 18:26:47 - watchfiles.main - INFO - 1 change detected
2026-05-13 18:26:47 - watchfiles.main - INFO - 1 change detected
2026-05-13 18:26:47 - watchfiles.main - INFO - 1 change detected
2026-05-13 18:26:48 - watchfiles.main - INFO - 1 change detected
2026-05-13 18:26:48 - watchfiles.main - INFO - 1 change detected
2026-05-13 18:26:48 - watchfiles.main - INFO - 1 change detected
2026-05-13 18:26:49 - watchfiles.main - INFO - 1 change detected
2026-05-13 18:26:49 - watchfiles.main - INFO - 1 change detected
2026-05-13 18:26:49 - watchfiles.main - INFO - 1 change detected
2026-05-13 18:26:50 - watchfiles.main - INFO - 1 change detected
2026-05-13 18:26:50 - watchfiles.main - INFO - 1 change detected
2026-05-13 18:26:51 - watchfiles.main - INFO - 1 change detected
2026-05-13 18:26:51 - watchfiles.main - INFO - 1 change detected
2026-05-13 18:26:51 - watchfiles.main - INFO - 1 change detected
2026-05-13 18:26:52 - watchfiles.main - INFO - 1 change detected
2026-05-13 18:26:52 - watchfiles.main - INFO - 1 change detected
2026-05-13 18:26:52 - watchfiles.main - INFO - 1 change detected
2026-05-13 18:26:53 - watchfiles.main - INFO - 1 change detected
2026-05-13 18:26:53 - watchfiles.main - INFO - 1 change detected
2026-05-13 18:26:53 - watchfiles.main - INFO - 1 change detected
2026-05-13 18:26:54 - watchfiles.main - INFO - 1 change detected
2026-05-13 18:26:54 - watchfiles.main - INFO - 1 change detected
2026-05-13 18:26:55 - watchfiles.main - INFO - 1 change detected
2026-05-13 18:26:55 - watchfiles.main - INFO - 1 change detected
2026-05-13 18:26:55 - watchfiles.main - INFO - 1 change detected
2026-05-13 18:26:56 - watchfiles.main - INFO - 1 change detected
2026-05-13 18:26:56 - watchfiles.main - INFO - 1 change detected
2026-05-13 18:26:56 - watchfiles.main - INFO - 1 change detected
2026-05-13 18:26:57 - watchfiles.main - INFO - 1 change detected
2026-05-13 18:26:57 - watchfiles.main - INFO - 1 change detected
2026-05-13 18:26:57 - watchfiles.main - INFO - 1 change detected
2026-05-13 18:26:58 - watchfiles.main - INFO - 1 change detected
2026-05-13 18:26:58 - watchfiles.main - INFO - 1 change detected
2026-05-13 18:26:59 - watchfiles.main - INFO - 1 change detected
2026-05-13 18:26:59 - watchfiles.main - INFO - 1 change detected
2026-05-13 18:26:59 - watchfiles.main - INFO - 1 change detected
2026-05-13 18:27:00 - watchfiles.main - INFO - 1 change detected
2026-05-13 18:27:00 - watchfiles.main - INFO - 1 change detected
2026-05-13 18:27:00 - watchfiles.main - INFO - 1 change detected
2026-05-13 18:27:01 - watchfiles.main - INFO - 1 change detected
2026-05-13 18:27:01 - watchfiles.main - INFO - 1 change detected
2026-05-13 18:27:02 - watchfiles.main - INFO - 1 change detected
2026-05-13 18:27:02 - watchfiles.main - INFO - 1 change detected
2026-05-13 18:27:02 - watchfiles.main - INFO - 1 change detected
2026-05-13 18:27:03 - watchfiles.main - INFO - 1 change detected
2026-05-13 18:27:03 - watchfiles.main - INFO - 1 change detected
2026-05-13 18:27:03 - watchfiles.main - INFO - 1 change detected
2026-05-13 18:27:04 - watchfiles.main - INFO - 1 change detected
2026-05-13 18:27:04 - watchfiles.main - INFO - 1 change detected
2026-05-13 18:27:04 - watchfiles.main - INFO - 1 change detected
2026-05-13 18:27:05 - watchfiles.main - INFO - 1 change detected
2026-05-13 18:27:05 - watchfiles.main - INFO - 1 change detected
2026-05-13 18:27:06 - watchfiles.main - INFO - 1 change detected
2026-05-13 18:27:06 - watchfiles.main - INFO - 1 change detected
2026-05-13 18:27:06 - watchfiles.main - INFO - 1 change detected
2026-05-13 18:27:07 - watchfiles.main - INFO - 1 change detected
2026-05-13 18:27:07 - watchfiles.main - INFO - 1 change detected
2026-05-13 18:27:07 - watchfiles.main - INFO - 1 change detected
2026-05-13 18:27:08 - watchfiles.main - INFO - 1 change detected
2026-05-13 18:27:08 - watchfiles.main - INFO - 1 change detected
2026-05-13 18:27:09 - watchfiles.main - INFO - 1 change detected
2026-05-13 18:27:09 - watchfiles.main - INFO - 1 change detected
2026-05-13 18:27:09 - watchfiles.main - INFO - 1 change detected
2026-05-13 18:27:10 - watchfiles.main - INFO - 1 change detected
2026-05-13 18:27:10 - watchfiles.main - INFO - 1 change detected
2026-05-13 18:27:10 - watchfiles.main - INFO - 1 change detected
2026-05-13 18:27:11 - watchfiles.main - INFO - 1 change detected
2026-05-13 18:27:11 - watchfiles.main - INFO - 1 change detected
2026-05-13 18:27:12 - watchfiles.main - INFO - 1 change detected
2026-05-13 18:27:12 - watchfiles.main - INFO - 1 change detected
2026-05-13 18:27:12 - watchfiles.main - INFO - 1 change detected
2026-05-13 18:27:13 - watchfiles.main - INFO - 1 change detected
2026-05-13 18:27:13 - watchfiles.main - INFO - 1 change detected
2026-05-13 18:27:14 - watchfiles.main - INFO - 1 change detected
2026-05-13 18:27:14 - watchfiles.main - INFO - 1 change detected
2026-05-13 18:27:14 - watchfiles.main - INFO - 1 change detected
2026-05-13 18:27:15 - watchfiles.main - INFO - 1 change detected
2026-05-13 18:27:15 - watchfiles.main - INFO - 1 change detected
2026-05-13 18:27:15 - watchfiles.main - INFO - 1 change detected
2026-05-13 18:27:16 - watchfiles.main - INFO - 1 change detected
2026-05-13 18:27:16 - watchfiles.main - INFO - 1 change detected
2026-05-13 18:27:16 - watchfiles.main - INFO - 1 change detected
2026-05-13 18:27:17 - watchfiles.main - INFO - 1 change detected
2026-05-13 18:27:17 - watchfiles.main - INFO - 1 change detected
2026-05-13 18:27:18 - watchfiles.main - INFO - 1 change detected
2026-05-13 18:27:18 - watchfiles.main - INFO - 1 change detected
2026-05-13 18:27:18 - watchfiles.main - INFO - 1 change detected
2026-05-13 18:27:19 - watchfiles.main - INFO - 1 change detected
2026-05-13 18:27:19 - watchfiles.main - INFO - 1 change detected
2026-05-13 18:27:20 - watchfiles.main - INFO - 1 change detected
2026-05-13 18:27:20 - watchfiles.main - INFO - 1 change detected
2026-05-13 18:27:20 - watchfiles.main - INFO - 1 change detected
2026-05-13 18:27:21 - watchfiles.main - INFO - 1 change detected
2026-05-13 18:27:21 - watchfiles.main - INFO - 1 change detected
2026-05-13 18:27:21 - watchfiles.main - INFO - 1 change detected
2026-05-13 18:27:22 - watchfiles.main - INFO - 1 change detected
2026-05-13 18:27:22 - watchfiles.main - INFO - 1 change detected
2026-05-13 18:27:22 - watchfiles.main - INFO - 1 change detected
2026-05-13 18:27:23 - watchfiles.main - INFO - 1 change detected
2026-05-13 18:27:23 - watchfiles.main - INFO - 1 change detected
2026-05-13 18:27:24 - watchfiles.main - INFO - 1 change detected
2026-05-13 18:27:24 - watchfiles.main - INFO - 1 change detected
2026-05-13 18:27:24 - watchfiles.main - INFO - 1 change detected
2026-05-13 18:27:25 - watchfiles.main - INFO - 1 change detected
2026-05-13 18:27:25 - watchfiles.main - INFO - 1 change detected
2026-05-13 18:27:25 - watchfiles.main - INFO - 1 change detected
2026-05-13 18:27:26 - watchfiles.main - INFO - 1 change detected
2026-05-13 18:27:26 - watchfiles.main - INFO - 1 change detected
2026-05-13 18:27:27 - watchfiles.main - INFO - 1 change detected
2026-05-13 18:27:27 - watchfiles.main - INFO - 1 change detected
2026-05-13 18:27:27 - watchfiles.main - INFO - 1 change detected
2026-05-13 18:27:28 - watchfiles.main - INFO - 1 change detected
2026-05-13 18:27:28 - watchfiles.main - INFO - 1 change detected
2026-05-13 18:27:28 - watchfiles.main - INFO - 1 change detected
2026-05-13 18:27:29 - watchfiles.main - INFO - 1 change detected
2026-05-13 18:27:29 - watchfiles.main - INFO - 1 change detected
2026-05-13 18:27:29 - watchfiles.main - INFO - 1 change detected
2026-05-13 18:27:30 - watchfiles.main - INFO - 1 change detected
2026-05-13 18:27:30 - watchfiles.main - INFO - 1 change detected
2026-05-13 18:27:30 - watchfiles.main - INFO - 1 change detected
2026-05-13 18:27:31 - watchfiles.main - INFO - 1 change detected
2026-05-13 18:27:31 - watchfiles.main - INFO - 1 change detected
2026-05-13 18:27:32 - watchfiles.main - INFO - 1 change detected
2026-05-13 18:27:32 - watchfiles.main - INFO - 1 change detected
2026-05-13 18:27:32 - watchfiles.main - INFO - 1 change detected
2026-05-13 18:27:33 - watchfiles.main - INFO - 1 change detected
2026-05-13 18:27:33 - watchfiles.main - INFO - 1 change detected
2026-05-13 18:27:33 - watchfiles.main - INFO - 1 change detected
2026-05-13 18:27:34 - watchfiles.main - INFO - 1 change detected
2026-05-13 18:27:34 - watchfiles.main - INFO - 1 change detected
2026-05-13 18:27:34 - watchfiles.main - INFO - 1 change detected
2026-05-13 18:27:35 - watchfiles.main - INFO - 1 change detected
2026-05-13 18:27:35 - watchfiles.main - INFO - 1 change detected
2026-05-13 18:27:35 - watchfiles.main - INFO - 1 change detected
2026-05-13 18:27:36 - watchfiles.main - INFO - 1 change detected
2026-05-13 18:27:36 - watchfiles.main - INFO - 1 change detected
2026-05-13 18:27:37 - watchfiles.main - INFO - 1 change detected
2026-05-13 18:27:37 - watchfiles.main - INFO - 1 change detected
2026-05-13 18:27:37 - watchfiles.main - INFO - 1 change detected
2026-05-13 18:27:38 - watchfiles.main - INFO - 1 change detected
2026-05-13 18:27:38 - watchfiles.main - INFO - 1 change detected
2026-05-13 18:27:38 - watchfiles.main - INFO - 1 change detected
2026-05-13 18:27:39 - watchfiles.main - INFO - 1 change detected
2026-05-13 18:27:39 - watchfiles.main - INFO - 1 change detected
2026-05-13 18:27:40 - watchfiles.main - INFO - 1 change detected
2026-05-13 18:27:40 - watchfiles.main - INFO - 1 change detected
2026-05-13 18:27:40 - watchfiles.main - INFO - 1 change detected
2026-05-13 18:27:41 - watchfiles.main - INFO - 1 change detected
2026-05-13 18:27:41 - watchfiles.main - INFO - 1 change detected
2026-05-13 18:27:41 - watchfiles.main - INFO - 1 change detected
2026-05-13 18:27:42 - watchfiles.main - INFO - 1 change detected
2026-05-13 18:27:42 - watchfiles.main - INFO - 1 change detected
2026-05-13 18:27:42 - watchfiles.main - INFO - 1 change detected
2026-05-13 18:27:43 - watchfiles.main - INFO - 1 change detected
2026-05-13 18:27:43 - watchfiles.main - INFO - 1 change detected
2026-05-13 18:27:44 - watchfiles.main - INFO - 1 change detected
2026-05-13 18:27:44 - watchfiles.main - INFO - 1 change detected
2026-05-13 18:27:44 - watchfiles.main - INFO - 1 change detected
2026-05-13 18:27:45 - watchfiles.main - INFO - 1 change detected
2026-05-13 18:27:45 - watchfiles.main - INFO - 1 change detected
2026-05-13 18:27:45 - watchfiles.main - INFO - 1 change detected
2026-05-13 18:27:46 - watchfiles.main - INFO - 1 change detected
2026-05-13 18:27:46 - watchfiles.main - INFO - 1 change detected
2026-05-13 18:27:47 - watchfiles.main - INFO - 1 change detected
2026-05-13 18:27:47 - watchfiles.main - INFO - 1 change detected
2026-05-13 18:27:47 - watchfiles.main - INFO - 1 change detected
2026-05-13 18:27:48 - watchfiles.main - INFO - 1 change detected
2026-05-13 18:27:48 - watchfiles.main - INFO - 1 change detected
2026-05-13 18:27:48 - watchfiles.main - INFO - 1 change detected
2026-05-13 18:27:49 - watchfiles.main - INFO - 1 change detected
2026-05-13 18:27:49 - watchfiles.main - INFO - 1 change detected
2026-05-13 18:27:50 - watchfiles.main - INFO - 1 change detected
2026-05-13 18:27:50 - watchfiles.main - INFO - 1 change detected
2026-05-13 18:27:50 - watchfiles.main - INFO - 1 change detected
2026-05-13 18:27:51 - watchfiles.main - INFO - 1 change detected
2026-05-13 18:27:51 - watchfiles.main - INFO - 1 change detected
2026-05-13 18:27:51 - watchfiles.main - INFO - 1 change detected
2026-05-13 18:27:52 - watchfiles.main - INFO - 1 change detected
2026-05-13 18:27:52 - watchfiles.main - INFO - 1 change detected
2026-05-13 18:27:53 - watchfiles.main - INFO - 1 change detected
2026-05-13 18:27:53 - watchfiles.main - INFO - 1 change detected
2026-05-13 18:27:53 - watchfiles.main - INFO - 1 change detected
2026-05-13 18:27:54 - watchfiles.main - INFO - 1 change detected
2026-05-13 18:27:54 - watchfiles.main - INFO - 1 change detected
2026-05-13 18:27:54 - watchfiles.main - INFO - 1 change detected
2026-05-13 18:27:55 - watchfiles.main - INFO - 1 change detected
2026-05-13 18:27:55 - watchfiles.main - INFO - 1 change detected
2026-05-13 18:27:55 - watchfiles.main - INFO - 1 change detected
2026-05-13 18:27:56 - watchfiles.main - INFO - 1 change detected
2026-05-13 18:27:56 - watchfiles.main - INFO - 1 change detected
2026-05-13 18:27:56 - watchfiles.main - INFO - 1 change detected
2026-05-13 18:27:57 - watchfiles.main - INFO - 1 change detected
2026-05-13 18:27:57 - watchfiles.main - INFO - 1 change detected
2026-05-13 18:27:58 - watchfiles.main - INFO - 1 change detected
2026-05-13 18:27:58 - watchfiles.main - INFO - 1 change detected
2026-05-13 18:27:58 - watchfiles.main - INFO - 1 change detected
2026-05-13 18:27:59 - watchfiles.main - INFO - 1 change detected
2026-05-13 18:27:59 - watchfiles.main - INFO - 1 change detected
2026-05-13 18:27:59 - watchfiles.main - INFO - 1 change detected
2026-05-13 18:28:00 - watchfiles.main - INFO - 1 change detected
2026-05-13 18:28:00 - watchfiles.main - INFO - 1 change detected
2026-05-13 18:28:00 - watchfiles.main - INFO - 1 change detected
2026-05-13 18:28:01 - watchfiles.main - INFO - 1 change detected
2026-05-13 18:28:01 - watchfiles.main - INFO - 1 change detected
2026-05-13 18:28:02 - watchfiles.main - INFO - 1 change detected
2026-05-13 18:28:02 - watchfiles.main - INFO - 1 change detected
2026-05-13 18:28:02 - watchfiles.main - INFO - 1 change detected
2026-05-13 18:28:03 - watchfiles.main - INFO - 1 change detected
2026-05-13 18:28:03 - watchfiles.main - INFO - 1 change detected
2026-05-13 18:28:03 - watchfiles.main - INFO - 1 change detected
2026-05-13 18:28:04 - watchfiles.main - INFO - 1 change detected
2026-05-13 18:28:04 - watchfiles.main - INFO - 1 change detected
2026-05-13 18:28:05 - watchfiles.main - INFO - 1 change detected
2026-05-13 18:28:05 - watchfiles.main - INFO - 1 change detected
2026-05-13 18:28:05 - watchfiles.main - INFO - 1 change detected
2026-05-13 18:28:06 - watchfiles.main - INFO - 1 change detected
2026-05-13 18:28:06 - watchfiles.main - INFO - 1 change detected
2026-05-13 18:28:06 - watchfiles.main - INFO - 1 change detected
2026-05-13 18:28:07 - watchfiles.main - INFO - 1 change detected
2026-05-13 18:28:07 - watchfiles.main - INFO - 1 change detected
2026-05-13 18:28:08 - watchfiles.main - INFO - 1 change detected
2026-05-13 18:28:08 - watchfiles.main - INFO - 1 change detected
2026-05-13 18:28:08 - watchfiles.main - INFO - 1 change detected
2026-05-13 18:28:09 - watchfiles.main - INFO - 1 change detected
2026-05-13 18:28:09 - watchfiles.main - INFO - 1 change detected
2026-05-13 18:28:09 - watchfiles.main - INFO - 1 change detected
2026-05-13 18:28:10 - watchfiles.main - INFO - 1 change detected
2026-05-13 18:28:10 - watchfiles.main - INFO - 1 change detected
2026-05-13 18:28:10 - watchfiles.main - INFO - 1 change detected
2026-05-13 18:28:11 - watchfiles.main - INFO - 1 change detected
2026-05-13 18:28:11 - watchfiles.main - INFO - 1 change detected
2026-05-13 18:28:12 - watchfiles.main - INFO - 1 change detected
2026-05-13 18:28:12 - watchfiles.main - INFO - 1 change detected
2026-05-13 18:28:12 - watchfiles.main - INFO - 1 change detected
2026-05-13 18:28:13 - watchfiles.main - INFO - 1 change detected
2026-05-13 18:28:13 - watchfiles.main - INFO - 1 change detected
2026-05-13 18:28:13 - watchfiles.main - INFO - 1 change detected
2026-05-13 18:28:14 - watchfiles.main - INFO - 1 change detected
2026-05-13 18:28:14 - watchfiles.main - INFO - 1 change detected
2026-05-13 18:28:15 - watchfiles.main - INFO - 1 change detected
2026-05-13 18:28:15 - watchfiles.main - INFO - 1 change detected
2026-05-13 18:28:15 - watchfiles.main - INFO - 1 change detected
2026-05-13 18:28:16 - watchfiles.main - INFO - 1 change detected
2026-05-13 18:28:16 - watchfiles.main - INFO - 1 change detected
2026-05-13 18:28:16 - watchfiles.main - INFO - 1 change detected
2026-05-13 18:28:17 - watchfiles.main - INFO - 1 change detected
2026-05-13 18:28:17 - watchfiles.main - INFO - 1 change detected
2026-05-13 18:28:18 - watchfiles.main - INFO - 1 change detected
2026-05-13 18:28:18 - watchfiles.main - INFO - 1 change detected
2026-05-13 18:28:18 - watchfiles.main - INFO - 1 change detected
2026-05-13 18:28:19 - watchfiles.main - INFO - 1 change detected
2026-05-13 18:28:19 - watchfiles.main - INFO - 1 change detected
2026-05-13 18:28:20 - watchfiles.main - INFO - 1 change detected
2026-05-13 18:28:20 - watchfiles.main - INFO - 1 change detected
2026-05-13 18:28:20 - watchfiles.main - INFO - 1 change detected
2026-05-13 18:28:21 - watchfiles.main - INFO - 1 change detected
2026-05-13 18:28:21 - watchfiles.main - INFO - 1 change detected
2026-05-13 18:28:21 - watchfiles.main - INFO - 1 change detected
2026-05-13 18:28:22 - watchfiles.main - INFO - 1 change detected
2026-05-13 18:28:22 - watchfiles.main - INFO - 1 change detected
2026-05-13 18:28:23 - watchfiles.main - INFO - 1 change detected
2026-05-13 18:28:23 - watchfiles.main - INFO - 1 change detected
2026-05-13 18:28:23 - watchfiles.main - INFO - 1 change detected
2026-05-13 18:28:24 - watchfiles.main - INFO - 1 change detected
2026-05-13 18:28:24 - watchfiles.main - INFO - 1 change detected
2026-05-13 18:28:24 - watchfiles.main - INFO - 1 change detected
2026-05-13 18:28:25 - watchfiles.main - INFO - 1 change detected
2026-05-13 18:28:25 - watchfiles.main - INFO - 1 change detected
2026-05-13 18:28:26 - watchfiles.main - INFO - 1 change detected
2026-05-13 18:28:26 - watchfiles.main - INFO - 1 change detected
2026-05-13 18:28:26 - watchfiles.main - INFO - 1 change detected
2026-05-13 18:28:27 - watchfiles.main - INFO - 1 change detected
2026-05-13 18:28:27 - watchfiles.main - INFO - 1 change detected
2026-05-13 18:28:27 - watchfiles.main - INFO - 1 change detected
2026-05-13 18:28:28 - watchfiles.main - INFO - 1 change detected
2026-05-13 18:28:28 - watchfiles.main - INFO - 1 change detected
2026-05-13 18:28:29 - watchfiles.main - INFO - 1 change detected
2026-05-13 18:28:29 - watchfiles.main - INFO - 1 change detected
2026-05-13 18:28:29 - watchfiles.main - INFO - 1 change detected
2026-05-13 18:28:30 - watchfiles.main - INFO - 1 change detected
2026-05-13 18:28:30 - watchfiles.main - INFO - 1 change detected
2026-05-13 18:28:30 - watchfiles.main - INFO - 1 change detected
2026-05-13 18:28:31 - watchfiles.main - INFO - 1 change detected
2026-05-13 18:28:31 - watchfiles.main - INFO - 1 change detected
2026-05-13 18:28:32 - watchfiles.main - INFO - 1 change detected
2026-05-13 18:28:32 - watchfiles.main - INFO - 1 change detected
2026-05-13 18:28:32 - watchfiles.main - INFO - 1 change detected
2026-05-13 18:28:33 - watchfiles.main - INFO - 1 change detected
2026-05-13 18:28:33 - watchfiles.main - INFO - 1 change detected
2026-05-13 18:28:33 - watchfiles.main - INFO - 1 change detected
2026-05-13 18:28:34 - watchfiles.main - INFO - 1 change detected
2026-05-13 18:28:34 - watchfiles.main - INFO - 1 change detected
2026-05-13 18:28:34 - watchfiles.main - INFO - 1 change detected
2026-05-13 18:28:35 - watchfiles.main - INFO - 1 change detected
2026-05-13 18:28:35 - watchfiles.main - INFO - 1 change detected
2026-05-13 18:28:36 - watchfiles.main - INFO - 1 change detected
2026-05-13 18:28:36 - watchfiles.main - INFO - 1 change detected
2026-05-13 18:28:36 - watchfiles.main - INFO - 1 change detected
2026-05-13 18:28:37 - watchfiles.main - INFO - 1 change detected
2026-05-13 18:28:37 - watchfiles.main - INFO - 1 change detected
2026-05-13 18:28:37 - watchfiles.main - INFO - 1 change detected
2026-05-13 18:28:38 - watchfiles.main - INFO - 1 change detected
2026-05-13 18:28:38 - watchfiles.main - INFO - 1 change detected
2026-05-13 18:28:38 - watchfiles.main - INFO - 1 change detected
2026-05-13 18:28:39 - watchfiles.main - INFO - 1 change detected
2026-05-13 18:28:39 - watchfiles.main - INFO - 1 change detected
2026-05-13 18:28:40 - watchfiles.main - INFO - 1 change detected
2026-05-13 18:28:40 - watchfiles.main - INFO - 1 change detected
2026-05-13 18:28:40 - watchfiles.main - INFO - 1 change detected
2026-05-13 18:28:41 - watchfiles.main - INFO - 1 change detected
2026-05-13 18:28:41 - watchfiles.main - INFO - 1 change detected
2026-05-13 18:28:41 - watchfiles.main - INFO - 1 change detected
2026-05-13 18:28:42 - watchfiles.main - INFO - 1 change detected
2026-05-13 18:28:42 - watchfiles.main - INFO - 1 change detected
2026-05-13 18:28:42 - watchfiles.main - INFO - 1 change detected
2026-05-13 18:28:43 - watchfiles.main - INFO - 1 change detected
2026-05-13 18:28:43 - watchfiles.main - INFO - 1 change detected
2026-05-13 18:28:44 - watchfiles.main - INFO - 1 change detected
2026-05-13 18:28:44 - watchfiles.main - INFO - 1 change detected
2026-05-13 18:28:44 - watchfiles.main - INFO - 1 change detected
2026-05-13 18:28:45 - watchfiles.main - INFO - 1 change detected
2026-05-13 18:28:45 - watchfiles.main - INFO - 1 change detected
2026-05-13 18:28:45 - watchfiles.main - INFO - 1 change detected
2026-05-13 18:28:46 - watchfiles.main - INFO - 1 change detected
2026-05-13 18:28:46 - watchfiles.main - INFO - 1 change detected
2026-05-13 18:28:46 - watchfiles.main - INFO - 1 change detected
2026-05-13 18:28:47 - watchfiles.main - INFO - 1 change detected
2026-05-13 18:28:47 - watchfiles.main - INFO - 1 change detected
2026-05-13 18:28:48 - watchfiles.main - INFO - 1 change detected
2026-05-13 18:28:48 - watchfiles.main - INFO - 1 change detected
2026-05-13 18:28:48 - watchfiles.main - INFO - 1 change detected
2026-05-13 18:28:49 - watchfiles.main - INFO - 1 change detected
2026-05-13 18:28:49 - watchfiles.main - INFO - 1 change detected
2026-05-13 18:28:49 - watchfiles.main - INFO - 1 change detected
2026-05-13 18:28:50 - watchfiles.main - INFO - 1 change detected
2026-05-13 18:28:50 - watchfiles.main - INFO - 1 change detected
2026-05-13 18:28:50 - watchfiles.main - INFO - 1 change detected
2026-05-13 18:28:51 - watchfiles.main - INFO - 1 change detected
2026-05-13 18:28:51 - watchfiles.main - INFO - 1 change detected
2026-05-13 18:28:51 - watchfiles.main - INFO - 1 change detected
2026-05-13 18:28:52 - watchfiles.main - INFO - 1 change detected
2026-05-13 18:28:52 - watchfiles.main - INFO - 1 change detected
2026-05-13 18:28:53 - watchfiles.main - INFO - 1 change detected
2026-05-13 18:28:53 - watchfiles.main - INFO - 1 change detected
2026-05-13 18:28:53 - watchfiles.main - INFO - 1 change detected
2026-05-13 18:28:54 - watchfiles.main - INFO - 1 change detected
2026-05-13 18:28:54 - watchfiles.main - INFO - 1 change detected
2026-05-13 18:28:54 - watchfiles.main - INFO - 1 change detected
2026-05-13 18:28:55 - watchfiles.main - INFO - 1 change detected
2026-05-13 18:28:55 - watchfiles.main - INFO - 1 change detected
2026-05-13 18:28:56 - watchfiles.main - INFO - 1 change detected
2026-05-13 18:28:56 - watchfiles.main - INFO - 1 change detected
2026-05-13 18:28:56 - watchfiles.main - INFO - 1 change detected
2026-05-13 18:28:57 - watchfiles.main - INFO - 1 change detected
2026-05-13 18:28:57 - watchfiles.main - INFO - 1 change detected
2026-05-13 18:28:58 - watchfiles.main - INFO - 1 change detected
2026-05-13 18:28:58 - watchfiles.main - INFO - 1 change detected
2026-05-13 18:28:58 - watchfiles.main - INFO - 1 change detected
2026-05-13 18:28:59 - watchfiles.main - INFO - 1 change detected
2026-05-13 18:28:59 - watchfiles.main - INFO - 1 change detected
2026-05-13 18:28:59 - watchfiles.main - INFO - 1 change detected
2026-05-13 18:29:00 - watchfiles.main - INFO - 1 change detected
2026-05-13 18:29:00 - watchfiles.main - INFO - 1 change detected
2026-05-13 18:29:00 - watchfiles.main - INFO - 1 change detected
2026-05-13 18:29:01 - watchfiles.main - INFO - 1 change detected
2026-05-13 18:29:01 - watchfiles.main - INFO - 1 change detected
2026-05-13 18:29:02 - watchfiles.main - INFO - 1 change detected
2026-05-13 18:29:02 - watchfiles.main - INFO - 1 change detected
2026-05-13 18:29:02 - watchfiles.main - INFO - 1 change detected
2026-05-13 18:29:03 - watchfiles.main - INFO - 1 change detected
2026-05-13 18:29:03 - watchfiles.main - INFO - 1 change detected
2026-05-13 18:29:03 - watchfiles.main - INFO - 1 change detected
2026-05-13 18:29:04 - watchfiles.main - INFO - 1 change detected
2026-05-13 18:29:04 - watchfiles.main - INFO - 1 change detected
2026-05-13 18:29:04 - watchfiles.main - INFO - 1 change detected
2026-05-13 18:29:05 - watchfiles.main - INFO - 1 change detected
2026-05-13 18:29:05 - watchfiles.main - INFO - 1 change detected
2026-05-13 18:29:05 - watchfiles.main - INFO - 1 change detected
2026-05-13 18:29:06 - watchfiles.main - INFO - 1 change detected
2026-05-13 18:29:06 - watchfiles.main - INFO - 1 change detected
2026-05-13 18:29:07 - watchfiles.main - INFO - 1 change detected
2026-05-13 18:29:07 - watchfiles.main - INFO - 1 change detected
2026-05-13 18:29:07 - watchfiles.main - INFO - 1 change detected
2026-05-13 18:29:08 - watchfiles.main - INFO - 1 change detected
2026-05-13 18:29:08 - watchfiles.main - INFO - 1 change detected
2026-05-13 18:29:08 - watchfiles.main - INFO - 1 change detected
2026-05-13 18:29:09 - watchfiles.main - INFO - 1 change detected
2026-05-13 18:29:09 - watchfiles.main - INFO - 1 change detected
2026-05-13 18:29:10 - watchfiles.main - INFO - 1 change detected
2026-05-13 18:29:10 - watchfiles.main - INFO - 1 change detected
2026-05-13 18:29:10 - watchfiles.main - INFO - 1 change detected
2026-05-13 18:29:11 - watchfiles.main - INFO - 1 change detected
2026-05-13 18:29:11 - watchfiles.main - INFO - 1 change detected
2026-05-13 18:29:11 - watchfiles.main - INFO - 1 change detected
2026-05-13 18:29:12 - watchfiles.main - INFO - 1 change detected
2026-05-13 18:29:12 - watchfiles.main - INFO - 1 change detected
2026-05-13 18:29:12 - watchfiles.main - INFO - 1 change detected
2026-05-13 18:29:13 - watchfiles.main - INFO - 1 change detected
2026-05-13 18:29:13 - watchfiles.main - INFO - 1 change detected
2026-05-13 18:29:13 - watchfiles.main - INFO - 1 change detected
2026-05-13 18:29:14 - watchfiles.main - INFO - 1 change detected
2026-05-13 18:29:14 - watchfiles.main - INFO - 1 change detected
2026-05-13 18:29:15 - watchfiles.main - INFO - 1 change detected
2026-05-13 18:29:15 - watchfiles.main - INFO - 1 change detected
2026-05-13 18:29:15 - watchfiles.main - INFO - 1 change detected
2026-05-13 18:29:16 - watchfiles.main - INFO - 1 change detected
2026-05-13 18:29:16 - watchfiles.main - INFO - 1 change detected
2026-05-13 18:29:16 - watchfiles.main - INFO - 1 change detected
2026-05-13 18:29:17 - watchfiles.main - INFO - 1 change detected
2026-05-13 18:29:17 - watchfiles.main - INFO - 1 change detected
2026-05-13 18:29:17 - watchfiles.main - INFO - 1 change detected
2026-05-13 18:29:18 - watchfiles.main - INFO - 1 change detected
2026-05-13 18:29:18 - watchfiles.main - INFO - 1 change detected
2026-05-13 18:29:19 - watchfiles.main - INFO - 1 change detected
2026-05-13 18:29:19 - watchfiles.main - INFO - 1 change detected
2026-05-13 18:29:19 - watchfiles.main - INFO - 1 change detected
2026-05-13 18:29:20 - watchfiles.main - INFO - 1 change detected
2026-05-13 18:29:20 - watchfiles.main - INFO - 1 change detected
2026-05-13 18:29:20 - watchfiles.main - INFO - 1 change detected
2026-05-13 18:29:21 - watchfiles.main - INFO - 1 change detected
2026-05-13 18:29:21 - watchfiles.main - INFO - 1 change detected
2026-05-13 18:29:21 - watchfiles.main - INFO - 1 change detected
2026-05-13 18:29:22 - watchfiles.main - INFO - 1 change detected
2026-05-13 18:29:22 - watchfiles.main - INFO - 1 change detected
2026-05-13 18:29:23 - watchfiles.main - INFO - 1 change detected
2026-05-13 18:29:23 - watchfiles.main - INFO - 1 change detected
2026-05-13 18:29:23 - watchfiles.main - INFO - 1 change detected
2026-05-13 18:29:24 - watchfiles.main - INFO - 1 change detected
2026-05-13 18:29:24 - watchfiles.main - INFO - 1 change detected
2026-05-13 18:29:24 - watchfiles.main - INFO - 1 change detected
2026-05-13 18:29:25 - watchfiles.main - INFO - 1 change detected
2026-05-13 18:29:25 - watchfiles.main - INFO - 1 change detected
2026-05-13 18:29:26 - watchfiles.main - INFO - 1 change detected
2026-05-13 18:29:26 - watchfiles.main - INFO - 1 change detected
2026-05-13 18:29:26 - watchfiles.main - INFO - 1 change detected
2026-05-13 18:29:27 - watchfiles.main - INFO - 1 change detected
2026-05-13 18:29:27 - watchfiles.main - INFO - 1 change detected
2026-05-13 18:29:27 - watchfiles.main - INFO - 1 change detected
2026-05-13 18:29:28 - watchfiles.main - INFO - 1 change detected
2026-05-13 18:29:28 - watchfiles.main - INFO - 1 change detected
2026-05-13 18:29:28 - watchfiles.main - INFO - 1 change detected
2026-05-13 18:29:29 - watchfiles.main - INFO - 1 change detected
2026-05-13 18:29:29 - watchfiles.main - INFO - 1 change detected
2026-05-13 18:29:30 - watchfiles.main - INFO - 1 change detected
2026-05-13 18:29:30 - watchfiles.main - INFO - 1 change detected
2026-05-13 18:29:30 - watchfiles.main - INFO - 1 change detected
2026-05-13 18:29:31 - watchfiles.main - INFO - 1 change detected
2026-05-13 18:29:31 - watchfiles.main - INFO - 1 change detected
2026-05-13 18:29:31 - watchfiles.main - INFO - 1 change detected
2026-05-13 18:29:32 - watchfiles.main - INFO - 1 change detected
2026-05-13 18:29:32 - watchfiles.main - INFO - 1 change detected
2026-05-13 18:29:32 - watchfiles.main - INFO - 1 change detected
2026-05-13 18:29:33 - watchfiles.main - INFO - 1 change detected
2026-05-13 18:29:33 - watchfiles.main - INFO - 1 change detected
2026-05-13 18:29:34 - watchfiles.main - INFO - 1 change detected
2026-05-13 18:29:34 - watchfiles.main - INFO - 1 change detected
2026-05-13 18:29:34 - watchfiles.main - INFO - 1 change detected
2026-05-13 18:29:35 - watchfiles.main - INFO - 1 change detected
2026-05-13 18:29:35 - watchfiles.main - INFO - 1 change detected
2026-05-13 18:29:35 - watchfiles.main - INFO - 1 change detected
2026-05-13 18:29:36 - watchfiles.main - INFO - 1 change detected
2026-05-13 18:29:36 - watchfiles.main - INFO - 1 change detected
2026-05-13 18:29:36 - watchfiles.main - INFO - 1 change detected
2026-05-13 18:29:37 - watchfiles.main - INFO - 1 change detected
2026-05-13 18:29:37 - watchfiles.main - INFO - 1 change detected
2026-05-13 18:29:38 - watchfiles.main - INFO - 1 change detected
2026-05-13 18:29:38 - watchfiles.main - INFO - 1 change detected
2026-05-13 18:29:38 - watchfiles.main - INFO - 1 change detected
2026-05-13 18:29:39 - watchfiles.main - INFO - 1 change detected
2026-05-13 18:29:39 - watchfiles.main - INFO - 1 change detected
2026-05-13 18:29:39 - watchfiles.main - INFO - 1 change detected
2026-05-13 18:29:40 - watchfiles.main - INFO - 1 change detected
2026-05-13 18:29:40 - watchfiles.main - INFO - 1 change detected
2026-05-13 18:29:40 - watchfiles.main - INFO - 1 change detected
2026-05-13 18:29:41 - watchfiles.main - INFO - 1 change detected
2026-05-13 18:29:41 - watchfiles.main - INFO - 1 change detected
2026-05-13 18:29:42 - watchfiles.main - INFO - 1 change detected
2026-05-13 18:29:42 - watchfiles.main - INFO - 1 change detected
2026-05-13 18:29:42 - watchfiles.main - INFO - 1 change detected
2026-05-13 18:29:43 - watchfiles.main - INFO - 1 change detected
2026-05-13 18:29:43 - watchfiles.main - INFO - 1 change detected
2026-05-13 18:29:43 - watchfiles.main - INFO - 1 change detected
2026-05-13 18:29:44 - watchfiles.main - INFO - 1 change detected
2026-05-13 18:29:44 - watchfiles.main - INFO - 1 change detected
2026-05-13 18:29:44 - watchfiles.main - INFO - 1 change detected
2026-05-13 18:29:45 - watchfiles.main - INFO - 1 change detected
2026-05-13 18:29:45 - watchfiles.main - INFO - 1 change detected
2026-05-13 18:29:46 - watchfiles.main - INFO - 1 change detected
2026-05-13 18:29:46 - watchfiles.main - INFO - 1 change detected
2026-05-13 18:29:46 - watchfiles.main - INFO - 1 change detected
2026-05-13 18:29:47 - watchfiles.main - INFO - 1 change detected
2026-05-13 18:29:47 - watchfiles.main - INFO - 1 change detected
2026-05-13 18:29:47 - watchfiles.main - INFO - 1 change detected
2026-05-13 18:29:48 - watchfiles.main - INFO - 1 change detected
2026-05-13 18:29:48 - watchfiles.main - INFO - 1 change detected
2026-05-13 18:29:48 - watchfiles.main - INFO - 1 change detected
2026-05-13 18:29:49 - watchfiles.main - INFO - 1 change detected
2026-05-13 18:29:49 - watchfiles.main - INFO - 1 change detected
2026-05-13 18:29:49 - watchfiles.main - INFO - 1 change detected
2026-05-13 18:29:50 - watchfiles.main - INFO - 1 change detected
2026-05-13 18:29:50 - watchfiles.main - INFO - 1 change detected
2026-05-13 18:29:51 - watchfiles.main - INFO - 1 change detected
2026-05-13 18:29:51 - watchfiles.main - INFO - 1 change detected
2026-05-13 18:29:51 - watchfiles.main - INFO - 1 change detected
2026-05-13 18:29:52 - watchfiles.main - INFO - 1 change detected
2026-05-13 18:29:52 - watchfiles.main - INFO - 1 change detected
2026-05-13 18:29:52 - watchfiles.main - INFO - 1 change detected
2026-05-13 18:29:53 - watchfiles.main - INFO - 1 change detected
2026-05-13 18:29:53 - watchfiles.main - INFO - 1 change detected
2026-05-13 18:29:53 - watchfiles.main - INFO - 1 change detected
2026-05-13 18:29:54 - watchfiles.main - INFO - 1 change detected
2026-05-13 18:29:54 - watchfiles.main - INFO - 1 change detected
2026-05-13 18:29:55 - watchfiles.main - INFO - 1 change detected
2026-05-13 18:29:55 - watchfiles.main - INFO - 1 change detected
2026-05-13 18:29:55 - watchfiles.main - INFO - 1 change detected
2026-05-13 18:29:56 - watchfiles.main - INFO - 1 change detected
2026-05-13 18:29:56 - watchfiles.main - INFO - 1 change detected
2026-05-13 18:29:57 - watchfiles.main - INFO - 1 change detected
2026-05-13 18:29:57 - watchfiles.main - INFO - 1 change detected
2026-05-13 18:29:57 - watchfiles.main - INFO - 1 change detected
2026-05-13 18:29:58 - watchfiles.main - INFO - 1 change detected
2026-05-13 18:29:58 - watchfiles.main - INFO - 1 change detected
2026-05-13 18:29:58 - watchfiles.main - INFO - 1 change detected
2026-05-13 18:29:59 - watchfiles.main - INFO - 1 change detected
2026-05-13 18:29:59 - watchfiles.main - INFO - 1 change detected
2026-05-13 18:29:59 - watchfiles.main - INFO - 1 change detected
2026-05-13 18:30:00 - watchfiles.main - INFO - 1 change detected
2026-05-13 18:30:00 - watchfiles.main - INFO - 1 change detected
2026-05-13 18:30:01 - watchfiles.main - INFO - 1 change detected
2026-05-13 18:30:01 - watchfiles.main - INFO - 1 change detected
2026-05-13 18:30:01 - watchfiles.main - INFO - 1 change detected
2026-05-13 18:30:02 - watchfiles.main - INFO - 1 change detected
2026-05-13 18:30:02 - watchfiles.main - INFO - 1 change detected
2026-05-13 18:30:02 - watchfiles.main - INFO - 1 change detected
2026-05-13 18:30:03 - watchfiles.main - INFO - 1 change detected
2026-05-13 18:30:03 - watchfiles.main - INFO - 1 change detected
2026-05-13 18:30:04 - watchfiles.main - INFO - 1 change detected
2026-05-13 18:30:04 - watchfiles.main - INFO - 1 change detected
2026-05-13 18:30:04 - watchfiles.main - INFO - 1 change detected
2026-05-13 18:30:05 - watchfiles.main - INFO - 1 change detected
2026-05-13 18:30:05 - watchfiles.main - INFO - 1 change detected
2026-05-13 18:30:05 - watchfiles.main - INFO - 1 change detected
2026-05-13 18:30:06 - watchfiles.main - INFO - 1 change detected
2026-05-13 18:30:06 - watchfiles.main - INFO - 1 change detected
2026-05-13 18:30:07 - watchfiles.main - INFO - 1 change detected
2026-05-13 18:30:07 - watchfiles.main - INFO - 1 change detected
2026-05-13 18:30:07 - watchfiles.main - INFO - 1 change detected
2026-05-13 18:30:08 - watchfiles.main - INFO - 1 change detected
2026-05-13 18:30:08 - watchfiles.main - INFO - 1 change detected
2026-05-13 18:30:08 - watchfiles.main - INFO - 1 change detected
2026-05-13 18:30:09 - watchfiles.main - INFO - 1 change detected
2026-05-13 18:30:09 - watchfiles.main - INFO - 1 change detected
2026-05-13 18:30:09 - watchfiles.main - INFO - 1 change detected
2026-05-13 18:30:10 - watchfiles.main - INFO - 1 change detected
2026-05-13 18:30:10 - watchfiles.main - INFO - 1 change detected
2026-05-13 18:30:11 - watchfiles.main - INFO - 1 change detected
2026-05-13 18:30:11 - watchfiles.main - INFO - 1 change detected
2026-05-13 18:30:11 - watchfiles.main - INFO - 1 change detected
2026-05-13 18:30:12 - watchfiles.main - INFO - 1 change detected
2026-05-13 18:30:12 - watchfiles.main - INFO - 1 change detected
2026-05-13 18:30:12 - watchfiles.main - INFO - 1 change detected
2026-05-13 18:30:13 - watchfiles.main - INFO - 1 change detected
2026-05-13 18:30:13 - watchfiles.main - INFO - 1 change detected
2026-05-13 18:30:13 - watchfiles.main - INFO - 1 change detected
2026-05-13 18:30:14 - watchfiles.main - INFO - 1 change detected
2026-05-13 18:30:14 - watchfiles.main - INFO - 1 change detected
2026-05-13 18:30:15 - watchfiles.main - INFO - 1 change detected
2026-05-13 18:30:15 - watchfiles.main - INFO - 1 change detected
2026-05-13 18:30:15 - watchfiles.main - INFO - 1 change detected
2026-05-13 18:30:16 - watchfiles.main - INFO - 1 change detected
2026-05-13 18:30:16 - watchfiles.main - INFO - 1 change detected
2026-05-13 18:30:16 - watchfiles.main - INFO - 1 change detected
2026-05-13 18:30:17 - watchfiles.main - INFO - 1 change detected
2026-05-13 18:30:17 - watchfiles.main - INFO - 1 change detected
2026-05-13 18:30:17 - watchfiles.main - INFO - 1 change detected
2026-05-13 18:30:18 - watchfiles.main - INFO - 1 change detected
2026-05-13 18:30:18 - watchfiles.main - INFO - 1 change detected
2026-05-13 18:30:19 - watchfiles.main - INFO - 1 change detected
2026-05-13 18:30:19 - watchfiles.main - INFO - 1 change detected
2026-05-13 18:30:19 - watchfiles.main - INFO - 1 change detected
2026-05-13 18:30:20 - watchfiles.main - INFO - 1 change detected
2026-05-13 18:30:20 - watchfiles.main - INFO - 1 change detected
2026-05-13 18:30:20 - watchfiles.main - INFO - 1 change detected
2026-05-13 18:30:21 - watchfiles.main - INFO - 1 change detected
2026-05-13 18:30:21 - watchfiles.main - INFO - 1 change detected
2026-05-13 18:30:22 - watchfiles.main - INFO - 1 change detected
2026-05-13 18:30:22 - watchfiles.main - INFO - 1 change detected
2026-05-13 18:30:22 - watchfiles.main - INFO - 1 change detected
2026-05-13 18:30:23 - watchfiles.main - INFO - 1 change detected
2026-05-13 18:30:23 - watchfiles.main - INFO - 1 change detected
2026-05-13 18:30:23 - watchfiles.main - INFO - 1 change detected
2026-05-13 18:30:24 - watchfiles.main - INFO - 1 change detected
2026-05-13 18:30:24 - watchfiles.main - INFO - 1 change detected
2026-05-13 18:30:25 - watchfiles.main - INFO - 1 change detected
2026-05-13 18:30:25 - watchfiles.main - INFO - 1 change detected
2026-05-13 18:30:25 - watchfiles.main - INFO - 1 change detected
2026-05-13 18:30:26 - watchfiles.main - INFO - 1 change detected
2026-05-13 18:30:26 - watchfiles.main - INFO - 1 change detected
2026-05-13 18:30:26 - watchfiles.main - INFO - 1 change detected
2026-05-13 18:30:27 - watchfiles.main - INFO - 1 change detected
2026-05-13 18:30:27 - watchfiles.main - INFO - 1 change detected
2026-05-13 18:30:27 - watchfiles.main - INFO - 1 change detected
2026-05-13 18:30:28 - watchfiles.main - INFO - 1 change detected
2026-05-13 18:30:28 - watchfiles.main - INFO - 1 change detected
2026-05-13 18:30:29 - watchfiles.main - INFO - 1 change detected
2026-05-13 18:30:29 - watchfiles.main - INFO - 1 change detected
2026-05-13 18:30:29 - watchfiles.main - INFO - 1 change detected
2026-05-13 18:30:30 - watchfiles.main - INFO - 1 change detected
2026-05-13 18:30:30 - watchfiles.main - INFO - 1 change detected
2026-05-13 18:30:30 - watchfiles.main - INFO - 1 change detected
2026-05-13 18:30:31 - watchfiles.main - INFO - 1 change detected
2026-05-13 18:30:31 - watchfiles.main - INFO - 1 change detected
2026-05-13 18:30:31 - watchfiles.main - INFO - 1 change detected
2026-05-13 18:30:32 - watchfiles.main - INFO - 1 change detected
2026-05-13 18:30:32 - watchfiles.main - INFO - 1 change detected
2026-05-13 18:30:33 - watchfiles.main - INFO - 1 change detected
2026-05-13 18:30:33 - watchfiles.main - INFO - 1 change detected
2026-05-13 18:30:33 - watchfiles.main - INFO - 1 change detected
2026-05-13 18:30:34 - watchfiles.main - INFO - 1 change detected
2026-05-13 18:30:34 - watchfiles.main - INFO - 1 change detected
2026-05-13 18:30:34 - watchfiles.main - INFO - 1 change detected
2026-05-13 18:30:35 - watchfiles.main - INFO - 1 change detected
2026-05-13 18:30:35 - watchfiles.main - INFO - 1 change detected
2026-05-13 18:30:35 - watchfiles.main - INFO - 1 change detected
2026-05-13 18:30:36 - watchfiles.main - INFO - 1 change detected
2026-05-13 18:30:36 - watchfiles.main - INFO - 1 change detected
2026-05-13 18:30:36 - watchfiles.main - INFO - 1 change detected
2026-05-13 18:30:37 - watchfiles.main - INFO - 1 change detected
2026-05-13 18:30:37 - watchfiles.main - INFO - 1 change detected
2026-05-13 18:30:38 - watchfiles.main - INFO - 1 change detected
2026-05-13 18:30:38 - watchfiles.main - INFO - 1 change detected
2026-05-13 18:30:38 - watchfiles.main - INFO - 1 change detected
2026-05-13 18:30:39 - watchfiles.main - INFO - 1 change detected
2026-05-13 18:30:39 - watchfiles.main - INFO - 1 change detected
2026-05-13 18:30:39 - watchfiles.main - INFO - 1 change detected
2026-05-13 18:30:40 - watchfiles.main - INFO - 1 change detected
2026-05-13 18:30:40 - watchfiles.main - INFO - 1 change detected
2026-05-13 18:30:40 - watchfiles.main - INFO - 1 change detected
2026-05-13 18:30:41 - watchfiles.main - INFO - 1 change detected
2026-05-13 18:30:41 - watchfiles.main - INFO - 1 change detected
2026-05-13 18:30:42 - watchfiles.main - INFO - 1 change detected
2026-05-13 18:30:42 - watchfiles.main - INFO - 1 change detected
2026-05-13 18:30:42 - watchfiles.main - INFO - 1 change detected
2026-05-13 18:30:43 - watchfiles.main - INFO - 1 change detected
2026-05-13 18:30:43 - watchfiles.main - INFO - 1 change detected
2026-05-13 18:30:43 - watchfiles.main - INFO - 1 change detected
2026-05-13 18:30:44 - watchfiles.main - INFO - 1 change detected
2026-05-13 18:30:44 - watchfiles.main - INFO - 1 change detected
2026-05-13 18:30:44 - watchfiles.main - INFO - 1 change detected
2026-05-13 18:30:45 - watchfiles.main - INFO - 1 change detected
2026-05-13 18:30:45 - watchfiles.main - INFO - 1 change detected
2026-05-13 18:30:46 - watchfiles.main - INFO - 1 change detected
2026-05-13 18:30:46 - watchfiles.main - INFO - 1 change detected
2026-05-13 18:30:46 - watchfiles.main - INFO - 1 change detected
2026-05-13 18:30:47 - watchfiles.main - INFO - 1 change detected
2026-05-13 18:30:47 - watchfiles.main - INFO - 1 change detected
2026-05-13 18:30:47 - watchfiles.main - INFO - 1 change detected
2026-05-13 18:30:48 - watchfiles.main - INFO - 1 change detected
2026-05-13 18:30:48 - watchfiles.main - INFO - 1 change detected
2026-05-13 18:30:48 - watchfiles.main - INFO - 1 change detected
2026-05-13 18:30:49 - watchfiles.main - INFO - 1 change detected
2026-05-13 18:30:49 - watchfiles.main - INFO - 1 change detected
2026-05-13 18:30:50 - watchfiles.main - INFO - 1 change detected
2026-05-13 18:30:50 - watchfiles.main - INFO - 1 change detected
2026-05-13 18:30:50 - watchfiles.main - INFO - 1 change detected
2026-05-13 18:30:51 - watchfiles.main - INFO - 1 change detected
2026-05-13 18:30:51 - watchfiles.main - INFO - 1 change detected
2026-05-13 18:30:51 - watchfiles.main - INFO - 1 change detected
2026-05-13 18:30:52 - watchfiles.main - INFO - 1 change detected
2026-05-13 18:30:52 - watchfiles.main - INFO - 1 change detected
2026-05-13 18:30:52 - watchfiles.main - INFO - 1 change detected
2026-05-13 18:30:53 - watchfiles.main - INFO - 1 change detected
2026-05-13 18:30:53 - watchfiles.main - INFO - 1 change detected
2026-05-13 18:30:54 - watchfiles.main - INFO - 1 change detected
2026-05-13 18:30:54 - watchfiles.main - INFO - 1 change detected
2026-05-13 18:30:55 - watchfiles.main - INFO - 1 change detected
2026-05-13 18:30:55 - watchfiles.main - INFO - 1 change detected
2026-05-13 18:30:55 - watchfiles.main - INFO - 1 change detected
2026-05-13 18:30:56 - watchfiles.main - INFO - 1 change detected
2026-05-13 18:30:56 - watchfiles.main - INFO - 1 change detected
2026-05-13 18:30:56 - watchfiles.main - INFO - 1 change detected
2026-05-13 18:30:57 - watchfiles.main - INFO - 1 change detected
2026-05-13 18:30:57 - watchfiles.main - INFO - 1 change detected
2026-05-13 18:30:58 - watchfiles.main - INFO - 1 change detected
2026-05-13 18:30:58 - watchfiles.main - INFO - 1 change detected
2026-05-13 18:30:58 - watchfiles.main - INFO - 1 change detected
2026-05-13 18:30:59 - watchfiles.main - INFO - 1 change detected
2026-05-13 18:30:59 - watchfiles.main - INFO - 1 change detected
2026-05-13 18:30:59 - watchfiles.main - INFO - 1 change detected
2026-05-13 18:31:00 - watchfiles.main - INFO - 1 change detected
2026-05-13 18:31:00 - watchfiles.main - INFO - 1 change detected
2026-05-13 18:31:00 - watchfiles.main - INFO - 1 change detected
2026-05-13 18:31:01 - watchfiles.main - INFO - 1 change detected
2026-05-13 18:31:01 - watchfiles.main - INFO - 1 change detected
2026-05-13 18:31:02 - watchfiles.main - INFO - 1 change detected
2026-05-13 18:31:02 - watchfiles.main - INFO - 1 change detected
2026-05-13 18:31:02 - watchfiles.main - INFO - 1 change detected
2026-05-13 18:31:03 - watchfiles.main - INFO - 1 change detected
2026-05-13 18:31:03 - watchfiles.main - INFO - 1 change detected
2026-05-13 18:31:03 - watchfiles.main - INFO - 1 change detected
2026-05-13 18:31:04 - watchfiles.main - INFO - 1 change detected
2026-05-13 18:31:04 - watchfiles.main - INFO - 1 change detected
2026-05-13 18:31:04 - watchfiles.main - INFO - 1 change detected
2026-05-13 18:31:05 - watchfiles.main - INFO - 1 change detected
2026-05-13 18:31:05 - watchfiles.main - INFO - 1 change detected
2026-05-13 18:31:06 - watchfiles.main - INFO - 1 change detected
2026-05-13 18:31:06 - watchfiles.main - INFO - 1 change detected
2026-05-13 18:31:07 - watchfiles.main - INFO - 1 change detected
2026-05-13 18:31:07 - watchfiles.main - INFO - 1 change detected
2026-05-13 18:31:07 - watchfiles.main - INFO - 1 change detected
2026-05-13 18:31:08 - watchfiles.main - INFO - 1 change detected
2026-05-13 18:31:08 - watchfiles.main - INFO - 1 change detected
2026-05-13 18:31:08 - watchfiles.main - INFO - 1 change detected
2026-05-13 18:31:09 - watchfiles.main - INFO - 1 change detected
2026-05-13 18:31:09 - watchfiles.main - INFO - 1 change detected
2026-05-13 18:31:09 - watchfiles.main - INFO - 1 change detected
2026-05-13 18:31:10 - watchfiles.main - INFO - 1 change detected
2026-05-13 18:31:10 - watchfiles.main - INFO - 1 change detected
2026-05-13 18:31:11 - watchfiles.main - INFO - 1 change detected
2026-05-13 18:31:11 - watchfiles.main - INFO - 1 change detected
2026-05-13 18:31:11 - watchfiles.main - INFO - 1 change detected
2026-05-13 18:31:12 - watchfiles.main - INFO - 1 change detected
2026-05-13 18:31:12 - watchfiles.main - INFO - 1 change detected
2026-05-13 18:31:12 - watchfiles.main - INFO - 1 change detected
2026-05-13 18:31:13 - watchfiles.main - INFO - 1 change detected
2026-05-13 18:31:13 - watchfiles.main - INFO - 1 change detected
2026-05-13 18:31:14 - watchfiles.main - INFO - 1 change detected
2026-05-13 18:31:14 - watchfiles.main - INFO - 1 change detected
2026-05-13 18:31:14 - watchfiles.main - INFO - 1 change detected
2026-05-13 18:31:15 - watchfiles.main - INFO - 1 change detected
2026-05-13 18:31:15 - watchfiles.main - INFO - 1 change detected
2026-05-13 18:31:15 - watchfiles.main - INFO - 1 change detected
2026-05-13 18:31:16 - watchfiles.main - INFO - 1 change detected
2026-05-13 18:31:16 - watchfiles.main - INFO - 1 change detected
2026-05-13 18:31:17 - watchfiles.main - INFO - 1 change detected
2026-05-13 18:31:17 - watchfiles.main - INFO - 1 change detected
2026-05-13 18:31:17 - watchfiles.main - INFO - 3 changes detected
2026-05-13 18:31:18 - main - INFO - ================================================================================
2026-05-13 18:31:18 - main - INFO - Shutting down AI Video Generator API...
2026-05-13 18:31:18 - main - INFO - ================================================================================
2026-05-13 18:31:18 - main - INFO - [Shutdown] Closing database connections...
2026-05-13 18:31:18 - database.database - INFO - Database connections closed
2026-05-13 18:31:18 - main - INFO - [Shutdown] Database connections closed
2026-05-13 18:31:18 - main - INFO - [Shutdown] Shutdown complete
2026-05-13 18:31:20 - watchfiles.main - INFO - 3 changes detected
2026-05-13 18:31:22 - watchfiles.main - INFO - 9 changes detected
2026-05-13 18:31:23 - watchfiles.main - INFO - 1 change detected
2026-05-13 18:31:23 - watchfiles.main - INFO - 1 change detected
2026-05-13 18:31:23 - watchfiles.main - INFO - 1 change detected
2026-05-13 18:31:24 - watchfiles.main - INFO - 1 change detected
2026-05-13 18:31:24 - watchfiles.main - INFO - 1 change detected
2026-05-13 18:31:25 - watchfiles.main - INFO - 1 change detected
2026-05-13 18:31:25 - watchfiles.main - INFO - 1 change detected
2026-05-13 18:31:25 - watchfiles.main - INFO - 1 change detected
2026-05-13 18:31:26 - watchfiles.main - INFO - 1 change detected
2026-05-13 18:31:26 - watchfiles.main - INFO - 1 change detected
2026-05-13 18:31:26 - watchfiles.main - INFO - 1 change detected
2026-05-13 18:31:27 - watchfiles.main - INFO - 1 change detected
2026-05-13 18:31:27 - watchfiles.main - INFO - 1 change detected
2026-05-13 18:31:27 - watchfiles.main - INFO - 1 change detected
2026-05-13 18:31:28 - watchfiles.main - INFO - 1 change detected
2026-05-13 18:31:28 - watchfiles.main - INFO - 1 change detected
2026-05-13 18:31:28 - watchfiles.main - INFO - 2 changes detected
2026-05-13 18:31:30 - watchfiles.main - INFO - 1 change detected
2026-05-13 18:31:31 - watchfiles.main - INFO - 5 changes detected
2026-05-13 18:31:31 - watchfiles.main - INFO - 1 change detected
2026-05-13 18:31:32 - watchfiles.main - INFO - 1 change detected
2026-05-13 18:31:32 - watchfiles.main - INFO - 1 change detected
2026-05-13 18:31:32 - watchfiles.main - INFO - 1 change detected
2026-05-13 18:31:33 - watchfiles.main - INFO - 1 change detected
2026-05-13 18:31:33 - watchfiles.main - INFO - 1 change detected
2026-05-13 18:31:34 - watchfiles.main - INFO - 1 change detected
2026-05-13 18:31:34 - watchfiles.main - INFO - 1 change detected
2026-05-13 18:31:34 - main - INFO - ================================================================================
2026-05-13 18:31:34 - main - INFO - Starting AI Video Generator API...
2026-05-13 18:31:34 - main - INFO - ================================================================================
2026-05-13 18:31:34 - main - INFO - [Startup] Configuration:
2026-05-13 18:31:34 - main - INFO -   - Host: 0.0.0.0
2026-05-13 18:31:34 - main - INFO -   - Port: 8000
2026-05-13 18:31:34 - main - INFO -   - Debug Mode: True
2026-05-13 18:31:34 - main - INFO -   - Log Level: INFO
2026-05-13 18:31:34 - main - INFO -   - Allowed Origins: 4 origins
2026-05-13 18:31:34 - main - INFO - [Startup] Validating environment variables...
2026-05-13 18:31:34 - utils.env_validator - INFO - [EnvValidator] Loaded environment variables from .env
2026-05-13 18:31:34 - utils.env_validator - INFO - [EnvValidator] Starting environment variable validation...
2026-05-13 18:31:34 - utils.env_validator - INFO - [EnvValidator] Validating 4 required variables
2026-05-13 18:31:34 - utils.env_validator - INFO - [EnvValidator] Validating 11 optional variables
2026-05-13 18:31:34 - utils.env_validator - INFO - [EnvValidator] ✓ SECRET_KEY - Valid
2026-05-13 18:31:34 - utils.env_validator - INFO - [EnvValidator] ✓ OPENAI_API_KEY - Valid
2026-05-13 18:31:34 - utils.env_validator - INFO - [EnvValidator] ✓ ELEVENLABS_API_KEY - Valid
2026-05-13 18:31:34 - utils.env_validator - INFO - [EnvValidator] ✓ REPLICATE_API_TOKEN - Valid
2026-05-13 18:31:34 - utils.env_validator - INFO - [EnvValidator] ✓ HUGGINGFACE_API_KEY - Valid (optional)
2026-05-13 18:31:34 - utils.env_validator - WARNING - [EnvValidator] ⚠ DATABASE_URL - Optional environment variable 'DATABASE_URL' is not set
2026-05-13 18:31:34 - utils.env_validator - WARNING - [EnvValidator] ⚠ REDIS_URL - Optional environment variable 'REDIS_URL' is not set
2026-05-13 18:31:34 - utils.env_validator - WARNING - [EnvValidator] ⚠ CLOUDINARY_CLOUD_NAME - Optional environment variable 'CLOUDINARY_CLOUD_NAME' is not set
2026-05-13 18:31:34 - utils.env_validator - WARNING - [EnvValidator] ⚠ CLOUDINARY_API_KEY - Optional environment variable 'CLOUDINARY_API_KEY' is not set
2026-05-13 18:31:34 - utils.env_validator - WARNING - [EnvValidator] ⚠ CLOUDINARY_API_SECRET - Optional environment variable 'CLOUDINARY_API_SECRET' is not set
2026-05-13 18:31:34 - utils.env_validator - WARNING - [EnvValidator] ⚠ AWS_ACCESS_KEY_ID - Optional environment variable 'AWS_ACCESS_KEY_ID' is not set
2026-05-13 18:31:34 - utils.env_validator - WARNING - [EnvValidator] ⚠ AWS_SECRET_ACCESS_KEY - Optional environment variable 'AWS_SECRET_ACCESS_KEY' is not set
2026-05-13 18:31:34 - utils.env_validator - WARNING - [EnvValidator] ⚠ AWS_REGION - Optional environment variable 'AWS_REGION' is not set
2026-05-13 18:31:34 - utils.env_validator - WARNING - [EnvValidator] ⚠ AWS_S3_BUCKET - Optional environment variable 'AWS_S3_BUCKET' is not set
2026-05-13 18:31:34 - utils.env_validator - WARNING - [EnvValidator] ⚠ FFMPEG_PATH - Optional environment variable 'FFMPEG_PATH' is not set
2026-05-13 18:31:34 - utils.env_validator - INFO - [EnvValidator] ✓ Environment validation passed
2026-05-13 18:31:34 - main - INFO - [Startup] Environment validation passed (0.08s)
2026-05-13 18:31:34 - main - INFO - [Startup] Initializing database...
2026-05-13 18:31:34 - database.database - WARNING - DATABASE_URL not configured, using SQLite
2026-05-13 18:31:34 - sqlalchemy.engine.Engine - INFO - BEGIN (implicit)
2026-05-13 18:31:34 - sqlalchemy.engine.Engine - INFO - PRAGMA main.table_info("users")
2026-05-13 18:31:34 - sqlalchemy.engine.Engine - INFO - [raw sql] ()
2026-05-13 18:31:34 - sqlalchemy.engine.Engine - INFO - PRAGMA main.table_info("projects")
2026-05-13 18:31:34 - sqlalchemy.engine.Engine - INFO - [raw sql] ()
2026-05-13 18:31:34 - sqlalchemy.engine.Engine - INFO - PRAGMA main.table_info("scenes")
2026-05-13 18:31:34 - sqlalchemy.engine.Engine - INFO - [raw sql] ()
2026-05-13 18:31:34 - sqlalchemy.engine.Engine - INFO - PRAGMA main.table_info("generated_assets")
2026-05-13 18:31:34 - sqlalchemy.engine.Engine - INFO - [raw sql] ()
2026-05-13 18:31:34 - sqlalchemy.engine.Engine - INFO - COMMIT
2026-05-13 18:31:34 - database.database - INFO - Database initialized successfully
2026-05-13 18:31:34 - main - INFO - [Startup] Database initialized successfully (0.07s)
2026-05-13 18:31:34 - main - INFO - [Startup] Startup completed in 0.24s
2026-05-13 18:31:34 - main - INFO - ================================================================================
2026-05-13 18:31:34 - watchfiles.main - INFO - 1 change detected
2026-05-13 18:31:35 - watchfiles.main - INFO - 1 change detected
2026-05-13 18:31:35 - watchfiles.main - INFO - 1 change detected
2026-05-13 18:31:35 - watchfiles.main - INFO - 1 change detected
2026-05-13 18:31:36 - watchfiles.main - INFO - 1 change detected
2026-05-13 18:31:36 - watchfiles.main - INFO - 1 change detected
2026-05-13 18:31:37 - watchfiles.main - INFO - 1 change detected
2026-05-13 18:31:37 - watchfiles.main - INFO - 1 change detected
2026-05-13 18:31:37 - watchfiles.main - INFO - 1 change detected
2026-05-13 18:31:38 - watchfiles.main - INFO - 1 change detected
2026-05-13 18:31:38 - watchfiles.main - INFO - 1 change detected
2026-05-13 18:31:39 - watchfiles.main - INFO - 1 change detected
2026-05-13 18:31:39 - watchfiles.main - INFO - 1 change detected
2026-05-13 18:31:39 - watchfiles.main - INFO - 1 change detected
2026-05-13 18:31:40 - watchfiles.main - INFO - 1 change detected
2026-05-13 18:31:40 - watchfiles.main - INFO - 1 change detected
2026-05-13 18:31:41 - watchfiles.main - INFO - 1 change detected
2026-05-13 18:31:41 - watchfiles.main - INFO - 1 change detected
2026-05-13 18:31:41 - watchfiles.main - INFO - 2 changes detected
2026-05-13 18:31:42 - main - INFO - ================================================================================
2026-05-13 18:31:42 - main - INFO - Shutting down AI Video Generator API...
2026-05-13 18:31:42 - main - INFO - ================================================================================
2026-05-13 18:31:42 - main - INFO - [Shutdown] Closing database connections...
2026-05-13 18:31:42 - database.database - INFO - Database connections closed
2026-05-13 18:31:42 - main - INFO - [Shutdown] Database connections closed
2026-05-13 18:31:42 - main - INFO - [Shutdown] Shutdown complete
2026-05-13 18:31:43 - watchfiles.main - INFO - 1 change detected
2026-05-13 18:31:47 - watchfiles.main - INFO - 1 change detected
2026-05-13 18:31:48 - main - INFO - ================================================================================
2026-05-13 18:31:48 - main - INFO - Starting AI Video Generator API...
2026-05-13 18:31:48 - main - INFO - ================================================================================
2026-05-13 18:31:48 - main - INFO - [Startup] Configuration:
2026-05-13 18:31:48 - main - INFO -   - Host: 0.0.0.0
2026-05-13 18:31:48 - main - INFO -   - Port: 8000
2026-05-13 18:31:48 - main - INFO -   - Debug Mode: True
2026-05-13 18:31:48 - main - INFO -   - Log Level: INFO
2026-05-13 18:31:48 - main - INFO -   - Allowed Origins: 4 origins
2026-05-13 18:31:48 - main - INFO - [Startup] Validating environment variables...
2026-05-13 18:31:48 - utils.env_validator - INFO - [EnvValidator] Loaded environment variables from .env
2026-05-13 18:31:48 - utils.env_validator - INFO - [EnvValidator] Starting environment variable validation...
2026-05-13 18:31:48 - utils.env_validator - INFO - [EnvValidator] Validating 4 required variables
2026-05-13 18:31:48 - utils.env_validator - INFO - [EnvValidator] Validating 11 optional variables
2026-05-13 18:31:48 - utils.env_validator - INFO - [EnvValidator] ✓ SECRET_KEY - Valid
2026-05-13 18:31:48 - utils.env_validator - INFO - [EnvValidator] ✓ OPENAI_API_KEY - Valid
2026-05-13 18:31:48 - utils.env_validator - INFO - [EnvValidator] ✓ ELEVENLABS_API_KEY - Valid
2026-05-13 18:31:48 - utils.env_validator - INFO - [EnvValidator] ✓ REPLICATE_API_TOKEN - Valid
2026-05-13 18:31:48 - utils.env_validator - INFO - [EnvValidator] ✓ HUGGINGFACE_API_KEY - Valid (optional)
2026-05-13 18:31:48 - utils.env_validator - WARNING - [EnvValidator] ⚠ DATABASE_URL - Optional environment variable 'DATABASE_URL' is not set
2026-05-13 18:31:48 - utils.env_validator - WARNING - [EnvValidator] ⚠ REDIS_URL - Optional environment variable 'REDIS_URL' is not set
2026-05-13 18:31:48 - utils.env_validator - WARNING - [EnvValidator] ⚠ CLOUDINARY_CLOUD_NAME - Optional environment variable 'CLOUDINARY_CLOUD_NAME' is not set
2026-05-13 18:31:48 - utils.env_validator - WARNING - [EnvValidator] ⚠ CLOUDINARY_API_KEY - Optional environment variable 'CLOUDINARY_API_KEY' is not set
2026-05-13 18:31:48 - utils.env_validator - WARNING - [EnvValidator] ⚠ CLOUDINARY_API_SECRET - Optional environment variable 'CLOUDINARY_API_SECRET' is not set
2026-05-13 18:31:48 - utils.env_validator - WARNING - [EnvValidator] ⚠ AWS_ACCESS_KEY_ID - Optional environment variable 'AWS_ACCESS_KEY_ID' is not set
2026-05-13 18:31:48 - utils.env_validator - WARNING - [EnvValidator] ⚠ AWS_SECRET_ACCESS_KEY - Optional environment variable 'AWS_SECRET_ACCESS_KEY' is not set
2026-05-13 18:31:48 - utils.env_validator - WARNING - [EnvValidator] ⚠ AWS_REGION - Optional environment variable 'AWS_REGION' is not set
2026-05-13 18:31:48 - utils.env_validator - WARNING - [EnvValidator] ⚠ AWS_S3_BUCKET - Optional environment variable 'AWS_S3_BUCKET' is not set
2026-05-13 18:31:48 - watchfiles.main - INFO - 1 change detected
2026-05-13 18:31:48 - utils.env_validator - WARNING - [EnvValidator] ⚠ FFMPEG_PATH - Optional environment variable 'FFMPEG_PATH' is not set
2026-05-13 18:31:48 - utils.env_validator - INFO - [EnvValidator] ✓ Environment validation passed
2026-05-13 18:31:48 - main - INFO - [Startup] Environment validation passed (0.09s)
2026-05-13 18:31:48 - main - INFO - [Startup] Initializing database...
2026-05-13 18:31:48 - database.database - WARNING - DATABASE_URL not configured, using SQLite
2026-05-13 18:31:48 - sqlalchemy.engine.Engine - INFO - BEGIN (implicit)
2026-05-13 18:31:48 - sqlalchemy.engine.Engine - INFO - PRAGMA main.table_info("users")
2026-05-13 18:31:48 - sqlalchemy.engine.Engine - INFO - [raw sql] ()
2026-05-13 18:31:48 - sqlalchemy.engine.Engine - INFO - PRAGMA main.table_info("projects")
2026-05-13 18:31:48 - sqlalchemy.engine.Engine - INFO - [raw sql] ()
2026-05-13 18:31:48 - sqlalchemy.engine.Engine - INFO - PRAGMA main.table_info("scenes")
2026-05-13 18:31:48 - sqlalchemy.engine.Engine - INFO - [raw sql] ()
2026-05-13 18:31:48 - sqlalchemy.engine.Engine - INFO - PRAGMA main.table_info("generated_assets")
2026-05-13 18:31:48 - sqlalchemy.engine.Engine - INFO - [raw sql] ()
2026-05-13 18:31:48 - sqlalchemy.engine.Engine - INFO - COMMIT
2026-05-13 18:31:48 - database.database - INFO - Database initialized successfully
2026-05-13 18:31:48 - main - INFO - [Startup] Database initialized successfully (0.14s)
2026-05-13 18:31:48 - main - INFO - [Startup] Startup completed in 0.27s
2026-05-13 18:31:48 - main - INFO - ================================================================================
2026-05-13 18:31:48 - watchfiles.main - INFO - 1 change detected
2026-05-13 18:31:48 - watchfiles.main - INFO - 1 change detected
2026-05-13 18:31:49 - watchfiles.main - INFO - 1 change detected
2026-05-13 18:31:49 - watchfiles.main - INFO - 1 change detected
2026-05-13 18:31:50 - watchfiles.main - INFO - 1 change detected
2026-05-13 18:31:50 - watchfiles.main - INFO - 1 change detected
2026-05-13 18:31:50 - watchfiles.main - INFO - 1 change detected
2026-05-13 18:31:51 - watchfiles.main - INFO - 1 change detected
2026-05-13 18:31:51 - watchfiles.main - INFO - 1 change detected
2026-05-13 18:31:51 - watchfiles.main - INFO - 1 change detected
2026-05-13 18:31:52 - watchfiles.main - INFO - 1 change detected
2026-05-13 18:31:52 - watchfiles.main - INFO - 1 change detected
2026-05-13 18:31:53 - watchfiles.main - INFO - 1 change detected
2026-05-13 18:31:53 - watchfiles.main - INFO - 1 change detected
2026-05-13 18:31:53 - watchfiles.main - INFO - 1 change detected
2026-05-13 18:31:54 - watchfiles.main - INFO - 1 change detected
2026-05-13 18:31:54 - watchfiles.main - INFO - 1 change detected
2026-05-13 18:31:54 - watchfiles.main - INFO - 1 change detected
2026-05-13 18:31:55 - watchfiles.main - INFO - 1 change detected
2026-05-13 18:31:55 - watchfiles.main - INFO - 1 change detected
2026-05-13 18:31:56 - watchfiles.main - INFO - 1 change detected
2026-05-13 18:31:56 - watchfiles.main - INFO - 1 change detected
2026-05-13 18:31:56 - watchfiles.main - INFO - 1 change detected
2026-05-13 18:31:57 - watchfiles.main - INFO - 1 change detected
2026-05-13 18:31:57 - watchfiles.main - INFO - 1 change detected
2026-05-13 18:31:57 - watchfiles.main - INFO - 1 change detected
2026-05-13 18:31:58 - watchfiles.main - INFO - 1 change detected
2026-05-13 18:31:58 - watchfiles.main - INFO - 1 change detected
2026-05-13 18:31:58 - watchfiles.main - INFO - 1 change detected
2026-05-13 18:31:59 - watchfiles.main - INFO - 1 change detected
2026-05-13 18:31:59 - watchfiles.main - INFO - 1 change detected
2026-05-13 18:32:00 - watchfiles.main - INFO - 1 change detected
2026-05-13 18:32:00 - watchfiles.main - INFO - 1 change detected
2026-05-13 18:32:00 - watchfiles.main - INFO - 1 change detected
2026-05-13 18:32:01 - watchfiles.main - INFO - 1 change detected
2026-05-13 18:32:01 - watchfiles.main - INFO - 1 change detected
2026-05-13 18:32:01 - watchfiles.main - INFO - 1 change detected
2026-05-13 18:32:02 - watchfiles.main - INFO - 1 change detected
2026-05-13 18:32:02 - watchfiles.main - INFO - 1 change detected
2026-05-13 18:32:02 - watchfiles.main - INFO - 1 change detected
2026-05-13 18:32:03 - watchfiles.main - INFO - 1 change detected
2026-05-13 18:32:03 - watchfiles.main - INFO - 1 change detected
2026-05-13 18:32:04 - watchfiles.main - INFO - 1 change detected
2026-05-13 18:32:04 - watchfiles.main - INFO - 1 change detected
2026-05-13 18:32:04 - watchfiles.main - INFO - 1 change detected
2026-05-13 18:32:05 - watchfiles.main - INFO - 1 change detected
2026-05-13 18:32:05 - watchfiles.main - INFO - 1 change detected
2026-05-13 18:32:05 - watchfiles.main - INFO - 1 change detected
2026-05-13 18:32:06 - watchfiles.main - INFO - 1 change detected
2026-05-13 18:32:06 - watchfiles.main - INFO - 1 change detected
2026-05-13 18:32:06 - watchfiles.main - INFO - 1 change detected
2026-05-13 18:32:07 - watchfiles.main - INFO - 1 change detected
2026-05-13 18:32:07 - watchfiles.main - INFO - 1 change detected
2026-05-13 18:32:08 - watchfiles.main - INFO - 1 change detected
2026-05-13 18:32:08 - watchfiles.main - INFO - 1 change detected
2026-05-13 18:32:08 - watchfiles.main - INFO - 1 change detected
2026-05-13 18:32:09 - watchfiles.main - INFO - 1 change detected
2026-05-13 18:32:09 - watchfiles.main - INFO - 1 change detected
2026-05-13 18:32:09 - watchfiles.main - INFO - 1 change detected
2026-05-13 18:32:10 - watchfiles.main - INFO - 1 change detected
2026-05-13 18:32:10 - watchfiles.main - INFO - 1 change detected
2026-05-13 18:32:10 - watchfiles.main - INFO - 1 change detected
2026-05-13 18:32:11 - watchfiles.main - INFO - 1 change detected
2026-05-13 18:32:11 - watchfiles.main - INFO - 1 change detected
2026-05-13 18:32:12 - watchfiles.main - INFO - 1 change detected
2026-05-13 18:32:12 - watchfiles.main - INFO - 1 change detected
2026-05-13 18:32:12 - watchfiles.main - INFO - 1 change detected
2026-05-13 18:32:13 - watchfiles.main - INFO - 1 change detected
2026-05-13 18:32:13 - watchfiles.main - INFO - 1 change detected
2026-05-13 18:32:13 - watchfiles.main - INFO - 1 change detected
2026-05-13 18:32:14 - watchfiles.main - INFO - 1 change detected
2026-05-13 18:32:14 - watchfiles.main - INFO - 1 change detected
2026-05-13 18:32:14 - watchfiles.main - INFO - 1 change detected
2026-05-13 18:32:15 - watchfiles.main - INFO - 1 change detected
2026-05-13 18:32:15 - watchfiles.main - INFO - 1 change detected
2026-05-13 18:32:16 - watchfiles.main - INFO - 1 change detected
2026-05-13 18:32:16 - watchfiles.main - INFO - 1 change detected
2026-05-13 18:32:16 - main - INFO - ================================================================================
2026-05-13 18:32:16 - main - INFO - Shutting down AI Video Generator API...
2026-05-13 18:32:16 - main - INFO - ================================================================================
2026-05-13 18:32:16 - main - INFO - [Shutdown] Closing database connections...
2026-05-13 18:32:16 - database.database - INFO - Database connections closed
2026-05-13 18:32:16 - main - INFO - [Shutdown] Database connections closed
2026-05-13 18:32:16 - main - INFO - [Shutdown] Shutdown complete
2026-05-13 18:32:17 - watchfiles.main - INFO - 1 change detected
2026-05-13 18:32:17 - watchfiles.main - INFO - 1 change detected
2026-05-13 18:32:17 - watchfiles.main - INFO - 1 change detected
2026-05-13 18:32:18 - watchfiles.main - INFO - 1 change detected
2026-05-13 18:32:18 - watchfiles.main - INFO - 1 change detected
2026-05-13 18:32:19 - watchfiles.main - INFO - 1 change detected
2026-05-13 18:32:19 - watchfiles.main - INFO - 1 change detected
2026-05-13 18:32:19 - watchfiles.main - INFO - 1 change detected
2026-05-13 18:32:20 - watchfiles.main - INFO - 1 change detected
2026-05-13 18:32:20 - watchfiles.main - INFO - 20 changes detected
2026-05-13 18:32:20 - watchfiles.main - INFO - 1 change detected
2026-05-13 18:32:21 - watchfiles.main - INFO - 1 change detected
2026-05-13 18:32:21 - watchfiles.main - INFO - 1 change detected
2026-05-13 18:32:22 - watchfiles.main - INFO - 1 change detected
2026-05-13 18:32:22 - watchfiles.main - INFO - 1 change detected
2026-05-13 18:32:22 - watchfiles.main - INFO - 1 change detected
2026-05-13 18:32:23 - watchfiles.main - INFO - 1 change detected
2026-05-13 18:32:23 - watchfiles.main - INFO - 1 change detected
2026-05-13 18:32:23 - watchfiles.main - INFO - 1 change detected
2026-05-13 18:32:24 - main - INFO - ================================================================================
2026-05-13 18:32:24 - main - INFO - Starting AI Video Generator API...
2026-05-13 18:32:24 - main - INFO - ================================================================================
2026-05-13 18:32:24 - main - INFO - [Startup] Configuration:
2026-05-13 18:32:24 - main - INFO -   - Host: 0.0.0.0
2026-05-13 18:32:24 - main - INFO -   - Port: 8000
2026-05-13 18:32:24 - main - INFO -   - Debug Mode: True
2026-05-13 18:32:24 - watchfiles.main - INFO - 1 change detected
2026-05-13 18:32:24 - main - INFO -   - Log Level: INFO
2026-05-13 18:32:24 - main - INFO -   - Allowed Origins: 4 origins
2026-05-13 18:32:24 - main - INFO - [Startup] Validating environment variables...
2026-05-13 18:32:24 - utils.env_validator - INFO - [EnvValidator] Loaded environment variables from .env
2026-05-13 18:32:24 - utils.env_validator - INFO - [EnvValidator] Starting environment variable validation...
2026-05-13 18:32:24 - utils.env_validator - INFO - [EnvValidator] Validating 4 required variables
2026-05-13 18:32:24 - utils.env_validator - INFO - [EnvValidator] Validating 11 optional variables
2026-05-13 18:32:24 - utils.env_validator - INFO - [EnvValidator] ✓ SECRET_KEY - Valid
2026-05-13 18:32:24 - utils.env_validator - INFO - [EnvValidator] ✓ OPENAI_API_KEY - Valid
2026-05-13 18:32:24 - utils.env_validator - INFO - [EnvValidator] ✓ ELEVENLABS_API_KEY - Valid
2026-05-13 18:32:24 - utils.env_validator - INFO - [EnvValidator] ✓ REPLICATE_API_TOKEN - Valid
2026-05-13 18:32:24 - utils.env_validator - INFO - [EnvValidator] ✓ HUGGINGFACE_API_KEY - Valid (optional)
2026-05-13 18:32:24 - utils.env_validator - WARNING - [EnvValidator] ⚠ DATABASE_URL - Optional environment variable 'DATABASE_URL' is not set
2026-05-13 18:32:24 - utils.env_validator - WARNING - [EnvValidator] ⚠ REDIS_URL - Optional environment variable 'REDIS_URL' is not set
2026-05-13 18:32:24 - utils.env_validator - WARNING - [EnvValidator] ⚠ CLOUDINARY_CLOUD_NAME - Optional environment variable 'CLOUDINARY_CLOUD_NAME' is not set
2026-05-13 18:32:24 - utils.env_validator - WARNING - [EnvValidator] ⚠ CLOUDINARY_API_KEY - Optional environment variable 'CLOUDINARY_API_KEY' is not set
2026-05-13 18:32:24 - utils.env_validator - WARNING - [EnvValidator] ⚠ CLOUDINARY_API_SECRET - Optional environment variable 'CLOUDINARY_API_SECRET' is not set
2026-05-13 18:32:24 - utils.env_validator - WARNING - [EnvValidator] ⚠ AWS_ACCESS_KEY_ID - Optional environment variable 'AWS_ACCESS_KEY_ID' is not set
2026-05-13 18:32:24 - utils.env_validator - WARNING - [EnvValidator] ⚠ AWS_SECRET_ACCESS_KEY - Optional environment variable 'AWS_SECRET_ACCESS_KEY' is not set
2026-05-13 18:32:24 - utils.env_validator - WARNING - [EnvValidator] ⚠ AWS_REGION - Optional environment variable 'AWS_REGION' is not set
2026-05-13 18:32:24 - utils.env_validator - WARNING - [EnvValidator] ⚠ AWS_S3_BUCKET - Optional environment variable 'AWS_S3_BUCKET' is not set
2026-05-13 18:32:24 - utils.env_validator - WARNING - [EnvValidator] ⚠ FFMPEG_PATH - Optional environment variable 'FFMPEG_PATH' is not set
2026-05-13 18:32:24 - utils.env_validator - INFO - [EnvValidator] ✓ Environment validation passed
2026-05-13 18:32:24 - main - INFO - [Startup] Environment validation passed (0.19s)
2026-05-13 18:32:24 - main - INFO - [Startup] Initializing database...
2026-05-13 18:32:24 - database.database - WARNING - DATABASE_URL not configured, using SQLite
2026-05-13 18:32:24 - sqlalchemy.engine.Engine - INFO - BEGIN (implicit)
2026-05-13 18:32:24 - sqlalchemy.engine.Engine - INFO - PRAGMA main.table_info("users")
2026-05-13 18:32:24 - sqlalchemy.engine.Engine - INFO - [raw sql] ()
2026-05-13 18:32:24 - sqlalchemy.engine.Engine - INFO - PRAGMA main.table_info("projects")
2026-05-13 18:32:24 - sqlalchemy.engine.Engine - INFO - [raw sql] ()
2026-05-13 18:32:24 - sqlalchemy.engine.Engine - INFO - PRAGMA main.table_info("scenes")
2026-05-13 18:32:24 - sqlalchemy.engine.Engine - INFO - [raw sql] ()
2026-05-13 18:32:24 - sqlalchemy.engine.Engine - INFO - PRAGMA main.table_info("generated_assets")
2026-05-13 18:32:24 - sqlalchemy.engine.Engine - INFO - [raw sql] ()
2026-05-13 18:32:24 - sqlalchemy.engine.Engine - INFO - COMMIT
2026-05-13 18:32:24 - database.database - INFO - Database initialized successfully
2026-05-13 18:32:24 - main - INFO - [Startup] Database initialized successfully (0.14s)
2026-05-13 18:32:24 - main - INFO - [Startup] Startup completed in 0.42s
2026-05-13 18:32:24 - main - INFO - ================================================================================
2026-05-13 18:32:24 - watchfiles.main - INFO - 1 change detected
2026-05-13 18:32:25 - watchfiles.main - INFO - 1 change detected
2026-05-13 18:32:25 - watchfiles.main - INFO - 1 change detected
2026-05-13 18:32:25 - watchfiles.main - INFO - 1 change detected
2026-05-13 18:32:26 - watchfiles.main - INFO - 1 change detected
2026-05-13 18:32:26 - watchfiles.main - INFO - 1 change detected
2026-05-13 18:32:27 - watchfiles.main - INFO - 1 change detected
2026-05-13 18:32:27 - watchfiles.main - INFO - 1 change detected
2026-05-13 18:32:28 - watchfiles.main - INFO - 1 change detected
2026-05-13 18:32:28 - watchfiles.main - INFO - 1 change detected
2026-05-13 18:32:28 - watchfiles.main - INFO - 1 change detected
2026-05-13 18:32:29 - watchfiles.main - INFO - 1 change detected
2026-05-13 18:32:29 - watchfiles.main - INFO - 1 change detected
2026-05-13 18:32:29 - watchfiles.main - INFO - 1 change detected
2026-05-13 18:32:30 - watchfiles.main - INFO - 1 change detected
2026-05-13 18:32:30 - watchfiles.main - INFO - 1 change detected
2026-05-13 18:32:31 - watchfiles.main - INFO - 1 change detected
2026-05-13 18:32:31 - watchfiles.main - INFO - 1 change detected
2026-05-13 18:32:31 - watchfiles.main - INFO - 1 change detected
2026-05-13 18:32:32 - watchfiles.main - INFO - 1 change detected
2026-05-13 18:32:32 - watchfiles.main - INFO - 1 change detected
2026-05-13 18:32:32 - watchfiles.main - INFO - 1 change detected
2026-05-13 18:32:33 - watchfiles.main - INFO - 1 change detected
2026-05-13 18:32:33 - watchfiles.main - INFO - 1 change detected
2026-05-13 18:32:33 - watchfiles.main - INFO - 1 change detected
2026-05-13 18:32:34 - watchfiles.main - INFO - 1 change detected
2026-05-13 18:32:34 - watchfiles.main - INFO - 1 change detected
2026-05-13 18:32:35 - watchfiles.main - INFO - 1 change detected
2026-05-13 18:32:35 - watchfiles.main - INFO - 1 change detected
2026-05-13 18:32:35 - watchfiles.main - INFO - 1 change detected
2026-05-13 18:32:36 - watchfiles.main - INFO - 1 change detected
2026-05-13 18:32:36 - watchfiles.main - INFO - 1 change detected
2026-05-13 18:32:36 - watchfiles.main - INFO - 1 change detected
2026-05-13 18:32:37 - watchfiles.main - INFO - 1 change detected
2026-05-13 18:32:37 - watchfiles.main - INFO - 1 change detected
2026-05-13 18:32:38 - watchfiles.main - INFO - 1 change detected
2026-05-13 18:32:38 - watchfiles.main - INFO - 1 change detected
2026-05-13 18:32:38 - watchfiles.main - INFO - 1 change detected
2026-05-13 18:32:39 - watchfiles.main - INFO - 1 change detected
2026-05-13 18:32:39 - watchfiles.main - INFO - 1 change detected
2026-05-13 18:32:39 - watchfiles.main - INFO - 1 change detected
2026-05-13 18:32:40 - watchfiles.main - INFO - 1 change detected
2026-05-13 18:32:40 - watchfiles.main - INFO - 1 change detected
2026-05-13 18:32:40 - watchfiles.main - INFO - 1 change detected
2026-05-13 18:32:41 - watchfiles.main - INFO - 1 change detected
2026-05-13 18:32:41 - watchfiles.main - INFO - 1 change detected
2026-05-13 18:32:41 - watchfiles.main - INFO - 1 change detected
2026-05-13 18:32:42 - watchfiles.main - INFO - 1 change detected
2026-05-13 18:32:42 - watchfiles.main - INFO - 1 change detected
2026-05-13 18:32:43 - watchfiles.main - INFO - 1 change detected
2026-05-13 18:32:43 - watchfiles.main - INFO - 1 change detected
2026-05-13 18:32:43 - watchfiles.main - INFO - 1 change detected
2026-05-13 18:32:44 - watchfiles.main - INFO - 1 change detected
2026-05-13 18:32:44 - watchfiles.main - INFO - 1 change detected
2026-05-13 18:32:44 - watchfiles.main - INFO - 1 change detected
2026-05-13 18:32:45 - watchfiles.main - INFO - 1 change detected
2026-05-13 18:32:45 - watchfiles.main - INFO - 1 change detected
2026-05-13 18:32:45 - watchfiles.main - INFO - 1 change detected
2026-05-13 18:32:46 - watchfiles.main - INFO - 1 change detected
2026-05-13 18:32:46 - watchfiles.main - INFO - 1 change detected
2026-05-13 18:32:46 - watchfiles.main - INFO - 1 change detected
2026-05-13 18:32:47 - watchfiles.main - INFO - 1 change detected
2026-05-13 18:32:47 - watchfiles.main - INFO - 1 change detected
2026-05-13 18:32:48 - watchfiles.main - INFO - 1 change detected
2026-05-13 18:32:48 - watchfiles.main - INFO - 1 change detected
2026-05-13 18:32:49 - watchfiles.main - INFO - 1 change detected
2026-05-13 18:32:49 - watchfiles.main - INFO - 1 change detected
2026-05-13 18:32:49 - watchfiles.main - INFO - 1 change detected
2026-05-13 18:32:50 - watchfiles.main - INFO - 1 change detected
2026-05-13 18:32:50 - watchfiles.main - INFO - 1 change detected
2026-05-13 18:32:50 - watchfiles.main - INFO - 1 change detected
2026-05-13 18:32:51 - watchfiles.main - INFO - 1 change detected
2026-05-13 18:32:51 - watchfiles.main - INFO - 1 change detected
2026-05-13 18:32:51 - watchfiles.main - INFO - 1 change detected
2026-05-13 18:32:52 - watchfiles.main - INFO - 1 change detected
2026-05-13 18:32:52 - watchfiles.main - INFO - 1 change detected
2026-05-13 18:32:53 - watchfiles.main - INFO - 1 change detected
2026-05-13 18:32:53 - watchfiles.main - INFO - 1 change detected
2026-05-13 18:32:53 - watchfiles.main - INFO - 1 change detected
2026-05-13 18:32:54 - watchfiles.main - INFO - 1 change detected
2026-05-13 18:32:54 - watchfiles.main - INFO - 1 change detected
2026-05-13 18:32:55 - watchfiles.main - INFO - 1 change detected
2026-05-13 18:32:55 - watchfiles.main - INFO - 1 change detected
2026-05-13 18:32:55 - watchfiles.main - INFO - 1 change detected
2026-05-13 18:32:56 - watchfiles.main - INFO - 1 change detected
2026-05-13 18:32:56 - watchfiles.main - INFO - 1 change detected
2026-05-13 18:32:56 - watchfiles.main - INFO - 1 change detected
2026-05-13 18:32:57 - watchfiles.main - INFO - 1 change detected
2026-05-13 18:32:57 - watchfiles.main - INFO - 1 change detected
2026-05-13 18:32:57 - watchfiles.main - INFO - 1 change detected
2026-05-13 18:32:58 - watchfiles.main - INFO - 1 change detected
2026-05-13 18:32:58 - watchfiles.main - INFO - 1 change detected
2026-05-13 18:32:59 - watchfiles.main - INFO - 1 change detected
2026-05-13 18:32:59 - watchfiles.main - INFO - 1 change detected
2026-05-13 18:32:59 - watchfiles.main - INFO - 1 change detected
2026-05-13 18:33:00 - watchfiles.main - INFO - 1 change detected
2026-05-13 18:33:00 - watchfiles.main - INFO - 1 change detected
2026-05-13 18:33:00 - watchfiles.main - INFO - 1 change detected
2026-05-13 18:33:01 - watchfiles.main - INFO - 1 change detected
2026-05-13 18:33:01 - watchfiles.main - INFO - 1 change detected
2026-05-13 18:33:02 - watchfiles.main - INFO - 1 change detected
2026-05-13 18:33:02 - watchfiles.main - INFO - 1 change detected
2026-05-13 18:33:02 - watchfiles.main - INFO - 1 change detected
2026-05-13 18:33:03 - watchfiles.main - INFO - 1 change detected
2026-05-13 18:33:03 - watchfiles.main - INFO - 1 change detected
2026-05-13 18:33:03 - watchfiles.main - INFO - 1 change detected
2026-05-13 18:33:04 - watchfiles.main - INFO - 1 change detected
2026-05-13 18:33:04 - watchfiles.main - INFO - 1 change detected
2026-05-13 18:33:04 - watchfiles.main - INFO - 1 change detected
2026-05-13 18:33:05 - watchfiles.main - INFO - 1 change detected
2026-05-13 18:33:05 - watchfiles.main - INFO - 1 change detected
2026-05-13 18:33:05 - watchfiles.main - INFO - 1 change detected
2026-05-13 18:33:06 - watchfiles.main - INFO - 1 change detected
2026-05-13 18:33:06 - watchfiles.main - INFO - 1 change detected
2026-05-13 18:33:07 - watchfiles.main - INFO - 1 change detected
2026-05-13 18:33:07 - watchfiles.main - INFO - 1 change detected
2026-05-13 18:33:07 - watchfiles.main - INFO - 1 change detected
2026-05-13 18:33:08 - watchfiles.main - INFO - 1 change detected
2026-05-13 18:33:08 - watchfiles.main - INFO - 1 change detected
2026-05-13 18:33:08 - watchfiles.main - INFO - 1 change detected
2026-05-13 18:33:09 - watchfiles.main - INFO - 1 change detected
2026-05-13 18:33:09 - watchfiles.main - INFO - 1 change detected
2026-05-13 18:33:09 - watchfiles.main - INFO - 1 change detected
2026-05-13 18:33:10 - watchfiles.main - INFO - 1 change detected
2026-05-13 18:33:10 - watchfiles.main - INFO - 1 change detected
2026-05-13 18:33:11 - watchfiles.main - INFO - 1 change detected
2026-05-13 18:33:11 - watchfiles.main - INFO - 1 change detected
2026-05-13 18:33:11 - watchfiles.main - INFO - 1 change detected
2026-05-13 18:33:12 - watchfiles.main - INFO - 1 change detected
2026-05-13 18:33:12 - watchfiles.main - INFO - 1 change detected
2026-05-13 18:33:12 - watchfiles.main - INFO - 1 change detected
2026-05-13 18:33:13 - watchfiles.main - INFO - 1 change detected
2026-05-13 18:33:13 - watchfiles.main - INFO - 1 change detected
2026-05-13 18:33:13 - watchfiles.main - INFO - 1 change detected
2026-05-13 18:33:14 - watchfiles.main - INFO - 1 change detected
2026-05-13 18:33:14 - watchfiles.main - INFO - 1 change detected
2026-05-13 18:33:15 - watchfiles.main - INFO - 1 change detected
2026-05-13 18:33:15 - watchfiles.main - INFO - 1 change detected
2026-05-13 18:33:15 - watchfiles.main - INFO - 1 change detected
2026-05-13 18:33:16 - watchfiles.main - INFO - 1 change detected
2026-05-13 18:33:16 - watchfiles.main - INFO - 1 change detected
2026-05-13 18:33:16 - watchfiles.main - INFO - 1 change detected
2026-05-13 18:33:17 - watchfiles.main - INFO - 1 change detected
2026-05-13 18:33:17 - watchfiles.main - INFO - 1 change detected
2026-05-13 18:33:18 - watchfiles.main - INFO - 1 change detected
2026-05-13 18:33:18 - watchfiles.main - INFO - 1 change detected
2026-05-13 18:33:18 - watchfiles.main - INFO - 1 change detected
2026-05-13 18:33:19 - watchfiles.main - INFO - 1 change detected
2026-05-13 18:33:19 - watchfiles.main - INFO - 1 change detected
2026-05-13 18:33:20 - watchfiles.main - INFO - 1 change detected
2026-05-13 18:33:20 - watchfiles.main - INFO - 1 change detected
2026-05-13 18:33:21 - watchfiles.main - INFO - 1 change detected
2026-05-13 18:33:21 - watchfiles.main - INFO - 1 change detected
2026-05-13 18:33:21 - watchfiles.main - INFO - 1 change detected
2026-05-13 18:33:22 - watchfiles.main - INFO - 1 change detected
2026-05-13 18:33:22 - watchfiles.main - INFO - 1 change detected
2026-05-13 18:33:23 - watchfiles.main - INFO - 1 change detected
2026-05-13 18:33:23 - watchfiles.main - INFO - 1 change detected
2026-05-13 18:33:23 - watchfiles.main - INFO - 1 change detected
2026-05-13 18:33:24 - watchfiles.main - INFO - 1 change detected
2026-05-13 18:33:24 - watchfiles.main - INFO - 1 change detected
2026-05-13 18:33:25 - watchfiles.main - INFO - 1 change detected
2026-05-13 18:33:25 - watchfiles.main - INFO - 1 change detected
2026-05-13 18:33:26 - watchfiles.main - INFO - 1 change detected
2026-05-13 18:33:26 - watchfiles.main - INFO - 1 change detected
2026-05-13 18:33:26 - watchfiles.main - INFO - 1 change detected
2026-05-13 18:33:27 - watchfiles.main - INFO - 1 change detected
2026-05-13 18:33:27 - watchfiles.main - INFO - 1 change detected
2026-05-13 18:33:28 - watchfiles.main - INFO - 1 change detected
2026-05-13 18:33:28 - watchfiles.main - INFO - 1 change detected
2026-05-13 18:33:28 - watchfiles.main - INFO - 1 change detected
2026-05-13 18:33:29 - watchfiles.main - INFO - 1 change detected
2026-05-13 18:33:29 - watchfiles.main - INFO - 1 change detected
2026-05-13 18:33:29 - watchfiles.main - INFO - 1 change detected
2026-05-13 18:33:30 - watchfiles.main - INFO - 1 change detected
2026-05-13 18:33:30 - watchfiles.main - INFO - 1 change detected
2026-05-13 18:33:30 - watchfiles.main - INFO - 1 change detected
2026-05-13 18:33:31 - watchfiles.main - INFO - 1 change detected
2026-05-13 18:33:31 - watchfiles.main - INFO - 1 change detected
2026-05-13 18:33:32 - watchfiles.main - INFO - 1 change detected
2026-05-13 18:33:32 - watchfiles.main - INFO - 1 change detected
2026-05-13 18:33:32 - watchfiles.main - INFO - 1 change detected
2026-05-13 18:33:33 - watchfiles.main - INFO - 1 change detected
2026-05-13 18:33:33 - watchfiles.main - INFO - 1 change detected
2026-05-13 18:33:33 - watchfiles.main - INFO - 1 change detected
2026-05-13 18:33:34 - watchfiles.main - INFO - 1 change detected
2026-05-13 18:33:34 - watchfiles.main - INFO - 1 change detected
2026-05-13 18:33:35 - watchfiles.main - INFO - 1 change detected
2026-05-13 18:33:35 - watchfiles.main - INFO - 1 change detected
2026-05-13 18:33:35 - watchfiles.main - INFO - 1 change detected
2026-05-13 18:33:36 - watchfiles.main - INFO - 1 change detected
2026-05-13 18:33:36 - watchfiles.main - INFO - 1 change detected
2026-05-13 18:33:36 - watchfiles.main - INFO - 1 change detected
2026-05-13 18:33:37 - watchfiles.main - INFO - 1 change detected
2026-05-13 18:33:37 - watchfiles.main - INFO - 1 change detected
2026-05-13 18:33:37 - watchfiles.main - INFO - 1 change detected
2026-05-13 18:33:38 - watchfiles.main - INFO - 1 change detected
2026-05-13 18:33:38 - watchfiles.main - INFO - 1 change detected
2026-05-13 18:33:38 - watchfiles.main - INFO - 1 change detected
2026-05-13 18:33:39 - watchfiles.main - INFO - 1 change detected
2026-05-13 18:33:40 - watchfiles.main - INFO - 1 change detected
2026-05-13 18:33:40 - watchfiles.main - INFO - 1 change detected
2026-05-13 18:33:40 - watchfiles.main - INFO - 1 change detected
2026-05-13 18:33:41 - watchfiles.main - INFO - 1 change detected
2026-05-13 18:33:41 - watchfiles.main - INFO - 1 change detected
2026-05-13 18:33:41 - watchfiles.main - INFO - 1 change detected
2026-05-13 18:33:42 - watchfiles.main - INFO - 1 change detected
2026-05-13 18:33:42 - watchfiles.main - INFO - 1 change detected
2026-05-13 18:33:43 - watchfiles.main - INFO - 1 change detected
2026-05-13 18:33:43 - watchfiles.main - INFO - 1 change detected
2026-05-13 18:33:43 - watchfiles.main - INFO - 1 change detected
2026-05-13 18:33:44 - watchfiles.main - INFO - 1 change detected
2026-05-13 18:33:44 - watchfiles.main - INFO - 1 change detected
2026-05-13 18:33:44 - watchfiles.main - INFO - 1 change detected
2026-05-13 18:33:45 - watchfiles.main - INFO - 1 change detected
2026-05-13 18:33:45 - watchfiles.main - INFO - 1 change detected
2026-05-13 18:33:45 - watchfiles.main - INFO - 1 change detected
2026-05-13 18:33:46 - watchfiles.main - INFO - 1 change detected
2026-05-13 18:33:46 - watchfiles.main - INFO - 1 change detected
2026-05-13 18:33:47 - watchfiles.main - INFO - 1 change detected
2026-05-13 18:33:47 - watchfiles.main - INFO - 1 change detected
2026-05-13 18:33:47 - watchfiles.main - INFO - 1 change detected
2026-05-13 18:33:48 - watchfiles.main - INFO - 1 change detected
2026-05-13 18:33:48 - watchfiles.main - INFO - 1 change detected
2026-05-13 18:33:48 - watchfiles.main - INFO - 1 change detected
2026-05-13 18:33:49 - watchfiles.main - INFO - 1 change detected
2026-05-13 18:33:49 - watchfiles.main - INFO - 1 change detected
2026-05-13 18:33:49 - watchfiles.main - INFO - 1 change detected
2026-05-13 18:33:50 - watchfiles.main - INFO - 1 change detected
2026-05-13 18:33:50 - watchfiles.main - INFO - 1 change detected
2026-05-13 18:33:51 - watchfiles.main - INFO - 1 change detected
2026-05-13 18:33:51 - watchfiles.main - INFO - 1 change detected
2026-05-13 18:33:51 - watchfiles.main - INFO - 1 change detected
2026-05-13 18:33:52 - watchfiles.main - INFO - 1 change detected
2026-05-13 18:33:52 - watchfiles.main - INFO - 1 change detected
2026-05-13 18:33:53 - watchfiles.main - INFO - 1 change detected
2026-05-13 18:33:53 - watchfiles.main - INFO - 1 change detected
2026-05-13 18:33:53 - watchfiles.main - INFO - 1 change detected
2026-05-13 18:33:54 - watchfiles.main - INFO - 1 change detected
2026-05-13 18:33:54 - watchfiles.main - INFO - 1 change detected
2026-05-13 18:33:54 - watchfiles.main - INFO - 1 change detected
2026-05-13 18:33:55 - watchfiles.main - INFO - 1 change detected
2026-05-13 18:33:55 - watchfiles.main - INFO - 1 change detected
2026-05-13 18:33:56 - watchfiles.main - INFO - 1 change detected
2026-05-13 18:33:56 - watchfiles.main - INFO - 1 change detected
2026-05-13 18:33:56 - watchfiles.main - INFO - 1 change detected
2026-05-13 18:33:57 - watchfiles.main - INFO - 1 change detected
2026-05-13 18:33:57 - watchfiles.main - INFO - 1 change detected
2026-05-13 18:33:57 - watchfiles.main - INFO - 1 change detected
2026-05-13 18:33:58 - watchfiles.main - INFO - 1 change detected
2026-05-13 18:33:58 - watchfiles.main - INFO - 1 change detected
2026-05-13 18:33:59 - watchfiles.main - INFO - 1 change detected
2026-05-13 18:33:59 - watchfiles.main - INFO - 1 change detected
2026-05-13 18:33:59 - watchfiles.main - INFO - 1 change detected
2026-05-13 18:34:00 - watchfiles.main - INFO - 1 change detected
2026-05-13 18:34:00 - watchfiles.main - INFO - 1 change detected
2026-05-13 18:34:00 - watchfiles.main - INFO - 1 change detected
2026-05-13 18:34:01 - watchfiles.main - INFO - 1 change detected
2026-05-13 18:34:01 - watchfiles.main - INFO - 1 change detected
2026-05-13 18:34:01 - watchfiles.main - INFO - 1 change detected
2026-05-13 18:34:02 - watchfiles.main - INFO - 1 change detected
2026-05-13 18:34:02 - watchfiles.main - INFO - 1 change detected
2026-05-13 18:34:03 - watchfiles.main - INFO - 1 change detected
2026-05-13 18:34:03 - watchfiles.main - INFO - 1 change detected
2026-05-13 18:34:03 - watchfiles.main - INFO - 1 change detected
2026-05-13 18:34:04 - watchfiles.main - INFO - 1 change detected
2026-05-13 18:34:04 - watchfiles.main - INFO - 1 change detected
2026-05-13 18:34:04 - watchfiles.main - INFO - 1 change detected
2026-05-13 18:34:05 - watchfiles.main - INFO - 1 change detected
2026-05-13 18:34:05 - watchfiles.main - INFO - 1 change detected
2026-05-13 18:34:06 - watchfiles.main - INFO - 1 change detected
2026-05-13 18:34:06 - watchfiles.main - INFO - 1 change detected
2026-05-13 18:34:06 - watchfiles.main - INFO - 1 change detected
2026-05-13 18:34:07 - watchfiles.main - INFO - 1 change detected
2026-05-13 18:34:07 - watchfiles.main - INFO - 1 change detected
2026-05-13 18:34:07 - watchfiles.main - INFO - 1 change detected
2026-05-13 18:34:08 - watchfiles.main - INFO - 1 change detected
2026-05-13 18:34:08 - watchfiles.main - INFO - 1 change detected
2026-05-13 18:34:09 - watchfiles.main - INFO - 1 change detected
2026-05-13 18:34:09 - watchfiles.main - INFO - 1 change detected
2026-05-13 18:34:09 - watchfiles.main - INFO - 1 change detected
2026-05-13 18:34:10 - watchfiles.main - INFO - 1 change detected
2026-05-13 18:34:10 - watchfiles.main - INFO - 1 change detected
2026-05-13 18:34:11 - watchfiles.main - INFO - 1 change detected
2026-05-13 18:34:11 - watchfiles.main - INFO - 1 change detected
2026-05-13 18:34:11 - watchfiles.main - INFO - 1 change detected
2026-05-13 18:34:12 - watchfiles.main - INFO - 1 change detected
2026-05-13 18:34:12 - watchfiles.main - INFO - 1 change detected
2026-05-13 18:34:12 - watchfiles.main - INFO - 1 change detected
2026-05-13 18:34:48 - watchfiles.main - INFO - 1 change detected
2026-05-13 18:34:49 - watchfiles.main - INFO - 1 change detected
2026-05-13 18:34:49 - watchfiles.main - INFO - 1 change detected
2026-05-13 18:34:50 - watchfiles.main - INFO - 1 change detected
2026-05-13 18:34:50 - watchfiles.main - INFO - 1 change detected
2026-05-13 18:34:50 - watchfiles.main - INFO - 1 change detected
2026-05-13 18:34:51 - watchfiles.main - INFO - 1 change detected
2026-05-13 18:34:51 - watchfiles.main - INFO - 1 change detected
2026-05-13 18:34:51 - watchfiles.main - INFO - 1 change detected
2026-05-13 18:34:52 - watchfiles.main - INFO - 1 change detected
2026-05-13 18:34:52 - watchfiles.main - INFO - 1 change detected
2026-05-13 18:34:52 - watchfiles.main - INFO - 1 change detected
2026-05-13 18:34:53 - watchfiles.main - INFO - 1 change detected
2026-05-13 18:34:53 - watchfiles.main - INFO - 1 change detected
2026-05-13 18:34:54 - watchfiles.main - INFO - 1 change detected
2026-05-13 18:34:54 - watchfiles.main - INFO - 1 change detected
2026-05-13 18:34:54 - watchfiles.main - INFO - 1 change detected
2026-05-13 18:34:55 - watchfiles.main - INFO - 1 change detected
2026-05-13 18:34:55 - watchfiles.main - INFO - 1 change detected
2026-05-13 18:34:56 - watchfiles.main - INFO - 1 change detected
2026-05-13 18:34:56 - watchfiles.main - INFO - 1 change detected
2026-05-13 18:34:56 - watchfiles.main - INFO - 1 change detected
2026-05-13 18:34:57 - watchfiles.main - INFO - 1 change detected
2026-05-13 18:34:57 - watchfiles.main - INFO - 1 change detected
2026-05-13 18:34:58 - watchfiles.main - INFO - 1 change detected
2026-05-13 18:34:58 - watchfiles.main - INFO - 1 change detected
2026-05-13 18:34:58 - watchfiles.main - INFO - 1 change detected
2026-05-13 18:34:59 - watchfiles.main - INFO - 1 change detected
2026-05-13 18:34:59 - watchfiles.main - INFO - 1 change detected
2026-05-13 18:35:00 - watchfiles.main - INFO - 1 change detected
2026-05-13 18:35:00 - watchfiles.main - INFO - 1 change detected
2026-05-13 18:35:00 - watchfiles.main - INFO - 1 change detected
2026-05-13 18:35:01 - watchfiles.main - INFO - 1 change detected
2026-05-13 18:35:01 - watchfiles.main - INFO - 1 change detected
2026-05-13 18:35:01 - watchfiles.main - INFO - 1 change detected
2026-05-13 18:35:02 - watchfiles.main - INFO - 1 change detected
2026-05-13 18:35:02 - watchfiles.main - INFO - 1 change detected
2026-05-13 18:35:02 - watchfiles.main - INFO - 1 change detected
2026-05-13 18:35:03 - watchfiles.main - INFO - 1 change detected
2026-05-13 18:35:03 - watchfiles.main - INFO - 1 change detected
2026-05-13 18:35:04 - watchfiles.main - INFO - 1 change detected
2026-05-13 18:35:04 - watchfiles.main - INFO - 1 change detected
2026-05-13 18:35:04 - watchfiles.main - INFO - 1 change detected
2026-05-13 18:35:05 - watchfiles.main - INFO - 1 change detected
2026-05-13 18:35:05 - watchfiles.main - INFO - 1 change detected
2026-05-13 18:35:05 - watchfiles.main - INFO - 1 change detected
2026-05-13 18:35:06 - watchfiles.main - INFO - 1 change detected
2026-05-13 18:35:06 - watchfiles.main - INFO - 2 changes detected
2026-05-13 18:35:07 - watchfiles.main - INFO - 1 change detected
2026-05-13 18:35:07 - watchfiles.main - INFO - 1 change detected
2026-05-13 18:35:07 - watchfiles.main - INFO - 1 change detected
2026-05-13 18:35:08 - watchfiles.main - INFO - 1 change detected
2026-05-13 18:35:08 - watchfiles.main - INFO - 1 change detected
2026-05-13 18:35:09 - watchfiles.main - INFO - 1 change detected
2026-05-13 18:35:09 - watchfiles.main - INFO - 1 change detected
2026-05-13 18:35:09 - watchfiles.main - INFO - 1 change detected
2026-05-13 18:35:10 - watchfiles.main - INFO - 1 change detected
2026-05-13 18:35:10 - watchfiles.main - INFO - 1 change detected
2026-05-13 18:35:10 - watchfiles.main - INFO - 1 change detected
2026-05-13 18:35:11 - watchfiles.main - INFO - 1 change detected
2026-05-13 18:35:11 - watchfiles.main - INFO - 1 change detected
2026-05-13 18:35:12 - watchfiles.main - INFO - 1 change detected
2026-05-13 18:35:12 - watchfiles.main - INFO - 1 change detected
2026-05-13 18:35:12 - watchfiles.main - INFO - 1 change detected
2026-05-13 18:35:13 - watchfiles.main - INFO - 1 change detected
2026-05-13 18:35:13 - watchfiles.main - INFO - 1 change detected
2026-05-13 18:35:13 - watchfiles.main - INFO - 1 change detected
2026-05-13 18:35:14 - watchfiles.main - INFO - 1 change detected
2026-05-13 18:35:14 - watchfiles.main - INFO - 1 change detected
2026-05-13 18:35:14 - watchfiles.main - INFO - 1 change detected
2026-05-13 18:35:15 - watchfiles.main - INFO - 1 change detected
2026-05-13 18:35:15 - watchfiles.main - INFO - 1 change detected
2026-05-13 18:35:16 - watchfiles.main - INFO - 1 change detected
2026-05-13 18:35:16 - watchfiles.main - INFO - 2 changes detected
2026-05-13 18:35:16 - watchfiles.main - INFO - 1 change detected
2026-05-13 18:35:17 - watchfiles.main - INFO - 1 change detected
2026-05-13 18:35:17 - watchfiles.main - INFO - 1 change detected
2026-05-13 18:35:18 - watchfiles.main - INFO - 1 change detected
2026-05-13 18:35:18 - watchfiles.main - INFO - 1 change detected
2026-05-13 18:35:18 - watchfiles.main - INFO - 1 change detected
2026-05-13 18:35:19 - watchfiles.main - INFO - 1 change detected
2026-05-13 18:35:19 - watchfiles.main - INFO - 1 change detected
2026-05-13 18:35:20 - watchfiles.main - INFO - 1 change detected
2026-05-13 18:35:20 - watchfiles.main - INFO - 1 change detected
2026-05-13 18:35:21 - watchfiles.main - INFO - 1 change detected
2026-05-13 18:35:21 - watchfiles.main - INFO - 1 change detected
2026-05-13 18:35:22 - watchfiles.main - INFO - 1 change detected
2026-05-13 18:35:22 - watchfiles.main - INFO - 1 change detected
2026-05-13 18:35:22 - watchfiles.main - INFO - 1 change detected
2026-05-13 18:35:23 - watchfiles.main - INFO - 1 change detected
2026-05-13 18:35:23 - watchfiles.main - INFO - 1 change detected
2026-05-13 18:35:23 - watchfiles.main - INFO - 1 change detected
2026-05-13 18:35:24 - watchfiles.main - INFO - 1 change detected
2026-05-13 18:35:24 - watchfiles.main - INFO - 1 change detected
2026-05-13 18:35:25 - watchfiles.main - INFO - 1 change detected
2026-05-13 18:35:25 - watchfiles.main - INFO - 1 change detected
2026-05-13 18:35:25 - watchfiles.main - INFO - 1 change detected
2026-05-13 18:35:26 - watchfiles.main - INFO - 1 change detected
2026-05-13 18:35:26 - watchfiles.main - INFO - 1 change detected
2026-05-13 18:35:26 - watchfiles.main - INFO - 1 change detected
2026-05-13 18:35:27 - watchfiles.main - INFO - 1 change detected
2026-05-13 18:35:27 - watchfiles.main - INFO - 1 change detected
2026-05-13 18:35:28 - watchfiles.main - INFO - 1 change detected
2026-05-13 18:35:28 - watchfiles.main - INFO - 1 change detected
2026-05-13 18:35:28 - watchfiles.main - INFO - 1 change detected
2026-05-13 18:35:29 - watchfiles.main - INFO - 1 change detected
2026-05-13 18:35:29 - watchfiles.main - INFO - 1 change detected
2026-05-13 18:35:29 - watchfiles.main - INFO - 1 change detected
2026-05-13 18:35:30 - watchfiles.main - INFO - 1 change detected
2026-05-13 18:35:30 - watchfiles.main - INFO - 1 change detected
2026-05-13 18:35:31 - watchfiles.main - INFO - 1 change detected
2026-05-13 18:35:31 - watchfiles.main - INFO - 1 change detected
2026-05-13 18:35:31 - watchfiles.main - INFO - 1 change detected
2026-05-13 18:35:32 - watchfiles.main - INFO - 1 change detected
2026-05-13 18:35:32 - watchfiles.main - INFO - 1 change detected
2026-05-13 18:35:32 - watchfiles.main - INFO - 1 change detected
2026-05-13 18:35:33 - watchfiles.main - INFO - 1 change detected
2026-05-13 18:35:33 - watchfiles.main - INFO - 1 change detected
2026-05-13 18:35:34 - watchfiles.main - INFO - 1 change detected
2026-05-13 18:35:34 - watchfiles.main - INFO - 1 change detected
2026-05-13 18:35:35 - watchfiles.main - INFO - 1 change detected
2026-05-13 18:35:35 - watchfiles.main - INFO - 1 change detected
2026-05-13 18:35:36 - watchfiles.main - INFO - 1 change detected
2026-05-13 18:35:36 - watchfiles.main - INFO - 1 change detected
2026-05-13 18:35:36 - watchfiles.main - INFO - 1 change detected
2026-05-13 18:35:37 - watchfiles.main - INFO - 1 change detected
2026-05-13 18:35:37 - watchfiles.main - INFO - 1 change detected
2026-05-13 18:35:38 - watchfiles.main - INFO - 1 change detected
2026-05-13 18:35:38 - watchfiles.main - INFO - 1 change detected
2026-05-13 18:35:38 - watchfiles.main - INFO - 1 change detected
2026-05-13 18:35:39 - watchfiles.main - INFO - 1 change detected
2026-05-13 18:35:39 - watchfiles.main - INFO - 1 change detected
2026-05-13 18:35:40 - watchfiles.main - INFO - 1 change detected
2026-05-13 18:35:40 - watchfiles.main - INFO - 1 change detected
2026-05-13 18:35:40 - watchfiles.main - INFO - 1 change detected
2026-05-13 18:35:41 - watchfiles.main - INFO - 1 change detected
2026-05-13 18:35:41 - watchfiles.main - INFO - 1 change detected
2026-05-13 18:35:41 - watchfiles.main - INFO - 1 change detected
2026-05-13 18:35:42 - watchfiles.main - INFO - 1 change detected
2026-05-13 18:35:42 - watchfiles.main - INFO - 1 change detected
2026-05-13 18:35:42 - watchfiles.main - INFO - 1 change detected
2026-05-13 18:35:43 - watchfiles.main - INFO - 1 change detected
2026-05-13 18:35:43 - watchfiles.main - INFO - 1 change detected
2026-05-13 18:35:43 - watchfiles.main - INFO - 1 change detected
